poll_id,pollster_id,pollster,sponsor_ids,sponsors,display_name,pollster_rating_id,pollster_rating_name,fte_grade,methodology,transparency_score,state,start_date,end_date,sponsor_candidate_id,sponsor_candidate,sponsor_candidate_party,question_id,sample_size,population,subpopulation,population_full,tracking,created_at,notes,url,source,internal,partisan,race_id,cycle,office_type,seat_number,seat_name,election_date,stage,nationwide_batch,ranked_choice_reallocated,ranked_choice_round,party,answer,candidate_id,candidate_name,pct
84585,1515,Data for Progress,"","",Data for Progress,522,Data for Progress,B,Online Panel/Text-to-Web,6.0,Kentucky,11/1/23,11/2/23,,"",,184955,660,lv,,lv,,11/6/23 15:05,"",https://www.dataforprogress.org/blog/2023/11/6/beshear-up-2-over-cameron-in-close-kentucky-governor-race,"",,,9550,2023,Governor,0,,11/7/23,general,false,false,,DEM,Beshear,30953,Andy Beshear,50.0
84585,1515,Data for Progress,"","",Data for Progress,522,Data for Progress,B,Online Panel/Text-to-Web,6.0,Kentucky,11/1/23,11/2/23,,"",,184955,660,lv,,lv,,11/6/23 15:05,"",https://www.dataforprogress.org/blog/2023/11/6/beshear-up-2-over-cameron-in-close-kentucky-governor-race,"",,,9550,2023,Governor,0,,11/7/23,general,false,false,,REP,Cameron,30950,Daniel Jay Cameron,48.0
84586,1551,Concord Public Opinion Partners,1126,Education Reform Now Advocacy,Concord Public Opinion Partners,553,Concord Public Opinion Partners,B/C,Live Phone,1.0,Kentucky,11/1/23,11/2/23,,"",,184974,470,lv,,lv,,11/6/23 20:27,"",https://img1.wsimg.com/blobby/go/16f03205-717c-46dc-b7bc-a2080e43a492/downloads/Kentucky%20Race%20Memo.pdf,"",,DEM,9550,2023,Governor,0,,11/7/23,general,false,false,,DEM,Beshear,30953,Andy Beshear,48.0
84586,1551,Concord Public Opinion Partners,1126,Education Reform Now Advocacy,Concord Public Opinion Partners,553,Concord Public Opinion Partners,B/C,Live Phone,1.0,Kentucky,11/1/23,11/2/23,,"",,184974,470,lv,,lv,,11/6/23 20:27,"",https://img1.wsimg.com/blobby/go/16f03205-717c-46dc-b7bc-a2080e43a492/downloads/Kentucky%20Race%20Memo.pdf,"",,DEM,9550,2023,Governor,0,,11/7/23,general,false,false,,REP,Cameron,30950,Daniel Jay Cameron,40.0
84536,1102,Emerson,"","",Emerson College,88,Emerson College,A-,IVR/Online Panel/Text-to-Web/Email,7.0,Kentucky,10/30/23,11/2/23,,"",,184743,1000,lv,,lv,,11/3/23 09:30,"",https://emersoncollegepolling.com/kentucky-2023-poll-cameron-catches-up-to-beshear-in-governors-race/,"",,,9550,2023,Governor,0,,11/7/23,general,false,false,,DEM,Beshear,30953,Andy Beshear,48.4
84536,1102,Emerson,"","",Emerson College,88,Emerson College,A-,IVR/Online Panel/Text-to-Web/Email,7.0,Kentucky,10/30/23,11/2/23,,"",,184743,1000,lv,,lv,,11/3/23 09:30,"",https://emersoncollegepolling.com/kentucky-2023-poll-cameron-catches-up-to-beshear-in-governors-race/,"",,,9550,2023,Governor,0,,11/7/23,general,false,false,,REP,Cameron,30950,Daniel Jay Cameron,49.3
84472,383,PPP,1028,Democratic Governors' Association,Public Policy Polling,263,Public Policy Polling,A-,IVR/Text,4.0,Mississippi,10/19/23,10/20/23,,"",,184032,601,lv,,lv,,10/23/23 09:18,"",https://mississippitoday.org/2023/10/23/governors-race-poll-tate-reeves-brandon-presley/,"",true,DEM,9551,2023,Governor,0,,11/7/23,general,false,false,,DEM,Presley,30948,Brandon E. Presley,45.0
84472,383,PPP,1028,Democratic Governors' Association,Public Policy Polling,263,Public Policy Polling,A-,IVR/Text,4.0,Mississippi,10/19/23,10/20/23,,"",,184032,601,lv,,lv,,10/23/23 09:18,"",https://mississippitoday.org/2023/10/23/governors-race-poll-tate-reeves-brandon-presley/,"",true,DEM,9551,2023,Governor,0,,11/7/23,general,false,false,,REP,Reeves,30949,Tate Reeves,46.0
84463,1497,co/efficient,2035,Bluegrass Freedom Action,co/efficient,514,co/efficient,B+,IVR/Text,5.0,Kentucky,10/18/23,10/19/23,,"",,183965,1845,lv,,lv,,10/20/23 09:49,"",https://static1.squarespace.com/static/62b0d289831aea152bd1fd60/t/6531c94742342e6b3400f835/1697761607573/KY+General+Election+Memo+10.19.pdf,"",,REP,9550,2023,Governor,0,,11/7/23,general,false,false,,DEM,Beshear,30953,Andy Beshear,47.0
84463,1497,co/efficient,2035,Bluegrass Freedom Action,co/efficient,514,co/efficient,B+,IVR/Text,5.0,Kentucky,10/18/23,10/19/23,,"",,183965,1845,lv,,lv,,10/20/23 09:49,"",https://static1.squarespace.com/static/62b0d289831aea152bd1fd60/t/6531c94742342e6b3400f835/1697761607573/KY+General+Election+Memo+10.19.pdf,"",,REP,9550,2023,Governor,0,,11/7/23,general,false,false,,REP,Cameron,30950,Daniel Jay Cameron,45.0
84466,204,Hart Research Associates,"","",Hart Research Associates,113,Garin-Hart-Yang Research Group,B+,Live Phone/Text-to-Web,5.0,Kentucky,10/14/23,10/16/23,30953,Andy Beshear,DEM,183972,721,lv,,lv,,10/20/23 14:39,"",https://twitter.com/IAPolls2022/status/1715425709508718617?s=20,"",true,DEM,9550,2023,Governor,0,,11/7/23,general,false,false,,DEM,Beshear,30953,Andy Beshear,52.0
84466,204,Hart Research Associates,"","",Hart Research Associates,113,Garin-Hart-Yang Research Group,B+,Live Phone/Text-to-Web,5.0,Kentucky,10/14/23,10/16/23,30953,Andy Beshear,DEM,183972,721,lv,,lv,,10/20/23 14:39,"",https://twitter.com/IAPolls2022/status/1715425709508718617?s=20,"",true,DEM,9550,2023,Governor,0,,11/7/23,general,false,false,,REP,Cameron,30950,Daniel Jay Cameron,44.0
84337,1102,Emerson,"","",Emerson College,88,Emerson College,A-,IVR/Online Panel/Email,,Kentucky,10/1/23,10/3/23,,"",,183231,450,rv,,rv,,10/6/23 09:03,"",https://emersoncollegepolling.com/kentucky-2023-poll-beshear-holds-16-point-lead-over-cameron-in-gubernatorial-election/,"",,,9550,2023,Governor,0,,11/7/23,general,false,false,,DEM,Beshear,30953,Andy Beshear,49.2
84337,1102,Emerson,"","",Emerson College,88,Emerson College,A-,IVR/Online Panel/Email,,Kentucky,10/1/23,10/3/23,,"",,183231,450,rv,,rv,,10/6/23 09:03,"",https://emersoncollegepolling.com/kentucky-2023-poll-beshear-holds-16-point-lead-over-cameron-in-gubernatorial-election/,"",,,9550,2023,Governor,0,,11/7/23,general,false,false,,REP,Cameron,30950,Daniel Jay Cameron,32.9
84332,289,Mason-Dixon,1974,Magnolia Tribune,Mason-Dixon Polling & Strategy,197,Mason-Dixon Polling & Strategy,A-,Live Phone,,Mississippi,9/27/23,10/2/23,,"",,183207,625,lv,,lv,,10/5/23 10:43,"",https://magnoliatribune.com/2023/10/05/new-poll-presley-lags-behind-reeves-in-governors-race-with-just-one-month-remaining/,"",,,9551,2023,Governor,0,,11/7/23,general,false,false,,DEM,Presley,30948,Brandon E. Presley,43.0
84332,289,Mason-Dixon,1974,Magnolia Tribune,Mason-Dixon Polling & Strategy,197,Mason-Dixon Polling & Strategy,A-,Live Phone,,Mississippi,9/27/23,10/2/23,,"",,183207,625,lv,,lv,,10/5/23 10:43,"",https://magnoliatribune.com/2023/10/05/new-poll-presley-lags-behind-reeves-in-governors-race-with-just-one-month-remaining/,"",,,9551,2023,Governor,0,,11/7/23,general,false,false,,REP,Reeves,30949,Tate Reeves,51.0
84319,1418,WPAi,26,Club for Growth,WPA Intelligence,383,WPA Intelligence,B/C,Live Phone,,Kentucky,9/25/23,9/28/23,,"",,182840,500,lv,,lv,,10/4/23 18:29,"",https://www.clubforgrowth.org/new-cfg-pac-polling-shows-ky-gov-race-tightening/,"",,REP,9550,2023,Governor,0,,11/7/23,general,false,false,,DEM,Beshear,30953,Andy Beshear,48.0
84319,1418,WPAi,26,Club for Growth,WPA Intelligence,383,WPA Intelligence,B/C,Live Phone,,Kentucky,9/25/23,9/28/23,,"",,182840,500,lv,,lv,,10/4/23 18:29,"",https://www.clubforgrowth.org/new-cfg-pac-polling-shows-ky-gov-race-tightening/,"",,REP,9550,2023,Governor,0,,11/7/23,general,false,false,,REP,Cameron,30950,Daniel Jay Cameron,42.0
84176,289,Mason-Dixon,1066,Gray Television,Mason-Dixon Polling & Strategy,197,Mason-Dixon Polling & Strategy,A-,Live Phone,,Louisiana,9/12/23,9/15/23,,"",,181728,625,rv,,rv,,9/19/23 08:32,"",https://www.wafb.com/2023/09/18/gray-tv-poll-shows-landry-leading-primary/,"",,,9497,2023,Governor,0,,10/14/23,jungle primary,false,false,,DEM,Wilson,30938,Shawn Wilson,24.0
84176,289,Mason-Dixon,1066,Gray Television,Mason-Dixon Polling & Strategy,197,Mason-Dixon Polling & Strategy,A-,Live Phone,,Louisiana,9/12/23,9/15/23,,"",,181728,625,rv,,rv,,9/19/23 08:32,"",https://www.wafb.com/2023/09/18/gray-tv-poll-shows-landry-leading-primary/,"",,,9497,2023,Governor,0,,10/14/23,jungle primary,false,false,,REP,Landry,29465,Jeff Landry,40.0
84176,289,Mason-Dixon,1066,Gray Television,Mason-Dixon Polling & Strategy,197,Mason-Dixon Polling & Strategy,A-,Live Phone,,Louisiana,9/12/23,9/15/23,,"",,181728,625,rv,,rv,,9/19/23 08:32,"",https://www.wafb.com/2023/09/18/gray-tv-poll-shows-landry-leading-primary/,"",,,9497,2023,Governor,0,,10/14/23,jungle primary,false,false,,REP,Waguespack,30996,Stephen Waguespack,9.0
84176,289,Mason-Dixon,1066,Gray Television,Mason-Dixon Polling & Strategy,197,Mason-Dixon Polling & Strategy,A-,Live Phone,,Louisiana,9/12/23,9/15/23,,"",,181728,625,rv,,rv,,9/19/23 08:32,"",https://www.wafb.com/2023/09/18/gray-tv-poll-shows-landry-leading-primary/,"",,,9497,2023,Governor,0,,10/14/23,jungle primary,false,false,,IND,Lundy,30940,Hunter Lundy,4.0
84176,289,Mason-Dixon,1066,Gray Television,Mason-Dixon Polling & Strategy,197,Mason-Dixon Polling & Strategy,A-,Live Phone,,Louisiana,9/12/23,9/15/23,,"",,181728,625,rv,,rv,,9/19/23 08:32,"",https://www.wafb.com/2023/09/18/gray-tv-poll-shows-landry-leading-primary/,"",,,9497,2023,Governor,0,,10/14/23,jungle primary,false,false,,REP,Schroder,29470,John M. Schroder,3.0
84176,289,Mason-Dixon,1066,Gray Television,Mason-Dixon Polling & Strategy,197,Mason-Dixon Polling & Strategy,A-,Live Phone,,Louisiana,9/12/23,9/15/23,,"",,181728,625,rv,,rv,,9/19/23 08:32,"",https://www.wafb.com/2023/09/18/gray-tv-poll-shows-landry-leading-primary/,"",,,9497,2023,Governor,0,,10/14/23,jungle primary,false,false,,REP,Hewitt,29469,Sharon W. Hewitt,2.0
84176,289,Mason-Dixon,1066,Gray Television,Mason-Dixon Polling & Strategy,197,Mason-Dixon Polling & Strategy,A-,Live Phone,,Louisiana,9/12/23,9/15/23,,"",,181728,625,rv,,rv,,9/19/23 08:32,"",https://www.wafb.com/2023/09/18/gray-tv-poll-shows-landry-leading-primary/,"",,,9497,2023,Governor,0,,10/14/23,jungle primary,false,false,,DEM,Dantzler,31070,"Oscar ""Omar"" Dantzler",1.0
84176,289,Mason-Dixon,1066,Gray Television,Mason-Dixon Polling & Strategy,197,Mason-Dixon Polling & Strategy,A-,Live Phone,,Louisiana,9/12/23,9/15/23,,"",,181728,625,rv,,rv,,9/19/23 08:32,"",https://www.wafb.com/2023/09/18/gray-tv-poll-shows-landry-leading-primary/,"",,,9497,2023,Governor,0,,10/14/23,jungle primary,false,false,,REP,Nelson,30971,Richard Nelson,1.0
84176,289,Mason-Dixon,1066,Gray Television,Mason-Dixon Polling & Strategy,197,Mason-Dixon Polling & Strategy,A-,Live Phone,,Louisiana,9/12/23,9/15/23,,"",,181728,625,rv,,rv,,9/19/23 08:32,"",https://www.wafb.com/2023/09/18/gray-tv-poll-shows-landry-leading-primary/,"",,,9497,2023,Governor,0,,10/14/23,jungle primary,false,false,,REP,Barthel,31071,Patrick Henry Barthel,1.0
84176,289,Mason-Dixon,1066,Gray Television,Mason-Dixon Polling & Strategy,197,Mason-Dixon Polling & Strategy,A-,Live Phone,,Louisiana,9/12/23,9/15/23,,"",,181728,625,rv,,rv,,9/19/23 08:32,"",https://www.wafb.com/2023/09/18/gray-tv-poll-shows-landry-leading-primary/,"",,,9497,2023,Governor,0,,10/14/23,jungle primary,false,false,,DEM,Cole,31072,Daniel M. Cole,0.0
84176,289,Mason-Dixon,1066,Gray Television,Mason-Dixon Polling & Strategy,197,Mason-Dixon Polling & Strategy,A-,Live Phone,,Louisiana,9/12/23,9/15/23,,"",,181728,625,rv,,rv,,9/19/23 08:32,"",https://www.wafb.com/2023/09/18/gray-tv-poll-shows-landry-leading-primary/,"",,,9497,2023,Governor,0,,10/14/23,jungle primary,false,false,,REP,Ellis,31073,Xavier Ellis,0.0
84176,289,Mason-Dixon,1066,Gray Television,Mason-Dixon Polling & Strategy,197,Mason-Dixon Polling & Strategy,A-,Live Phone,,Louisiana,9/12/23,9/15/23,,"",,181728,625,rv,,rv,,9/19/23 08:32,"",https://www.wafb.com/2023/09/18/gray-tv-poll-shows-landry-leading-primary/,"",,,9497,2023,Governor,0,,10/14/23,jungle primary,false,false,,REP,John,31074,Xan John,0.0
84176,289,Mason-Dixon,1066,Gray Television,Mason-Dixon Polling & Strategy,197,Mason-Dixon Polling & Strategy,A-,Live Phone,,Louisiana,9/12/23,9/15/23,,"",,181728,625,rv,,rv,,9/19/23 08:32,"",https://www.wafb.com/2023/09/18/gray-tv-poll-shows-landry-leading-primary/,"",,,9497,2023,Governor,0,,10/14/23,jungle primary,false,false,,IND,Barnes,31075,Benjamin Barnes,0.0
84176,289,Mason-Dixon,1066,Gray Television,Mason-Dixon Polling & Strategy,197,Mason-Dixon Polling & Strategy,A-,Live Phone,,Louisiana,9/12/23,9/15/23,,"",,181728,625,rv,,rv,,9/19/23 08:32,"",https://www.wafb.com/2023/09/18/gray-tv-poll-shows-landry-leading-primary/,"",,,9497,2023,Governor,0,,10/14/23,jungle primary,false,false,,NPA,Gagnon,31076,Keitron Gagnon,0.0
84176,289,Mason-Dixon,1066,Gray Television,Mason-Dixon Polling & Strategy,197,Mason-Dixon Polling & Strategy,A-,Live Phone,,Louisiana,9/12/23,9/15/23,,"",,181728,625,rv,,rv,,9/19/23 08:32,"",https://www.wafb.com/2023/09/18/gray-tv-poll-shows-landry-leading-primary/,"",,,9497,2023,Governor,0,,10/14/23,jungle primary,false,false,,IND,Istre,31077,Jeffery Istre,0.0
84176,289,Mason-Dixon,1066,Gray Television,Mason-Dixon Polling & Strategy,197,Mason-Dixon Polling & Strategy,A-,Live Phone,,Louisiana,9/12/23,9/15/23,,"",,181728,625,rv,,rv,,9/19/23 08:32,"",https://www.wafb.com/2023/09/18/gray-tv-poll-shows-landry-leading-primary/,"",,,9497,2023,Governor,0,,10/14/23,jungle primary,false,false,,IND,Scurlock,31078,Frank Scurlock,0.0
84176,289,Mason-Dixon,1066,Gray Television,Mason-Dixon Polling & Strategy,197,Mason-Dixon Polling & Strategy,A-,Live Phone,,Louisiana,9/12/23,9/15/23,,"",,181729,625,rv,,rv,,9/19/23 08:44,"",https://www.wafb.com/2023/09/18/gray-tv-poll-shows-landry-leading-primary/,"",,,10003,2023,Governor,0,,,runoff,false,false,,DEM,Wilson,30938,Shawn Wilson,39.0
84176,289,Mason-Dixon,1066,Gray Television,Mason-Dixon Polling & Strategy,197,Mason-Dixon Polling & Strategy,A-,Live Phone,,Louisiana,9/12/23,9/15/23,,"",,181729,625,rv,,rv,,9/19/23 08:44,"",https://www.wafb.com/2023/09/18/gray-tv-poll-shows-landry-leading-primary/,"",,,10003,2023,Governor,0,,,runoff,false,false,,REP,Landry,29465,Jeff Landry,52.0
84176,289,Mason-Dixon,1066,Gray Television,Mason-Dixon Polling & Strategy,197,Mason-Dixon Polling & Strategy,A-,Live Phone,,Louisiana,9/12/23,9/15/23,,"",,181730,625,rv,,rv,,9/19/23 08:44,"",https://www.wafb.com/2023/09/18/gray-tv-poll-shows-landry-leading-primary/,"",,,10003,2023,Governor,0,,,runoff,false,false,,REP,Landry,29465,Jeff Landry,52.0
84176,289,Mason-Dixon,1066,Gray Television,Mason-Dixon Polling & Strategy,197,Mason-Dixon Polling & Strategy,A-,Live Phone,,Louisiana,9/12/23,9/15/23,,"",,181730,625,rv,,rv,,9/19/23 08:44,"",https://www.wafb.com/2023/09/18/gray-tv-poll-shows-landry-leading-primary/,"",,,10003,2023,Governor,0,,,runoff,false,false,,REP,Waguespack,30996,Stephen Waguespack,27.0
84176,289,Mason-Dixon,1066,Gray Television,Mason-Dixon Polling & Strategy,197,Mason-Dixon Polling & Strategy,A-,Live Phone,,Louisiana,9/12/23,9/15/23,,"",,181731,625,rv,,rv,,9/19/23 08:44,"",https://www.wafb.com/2023/09/18/gray-tv-poll-shows-landry-leading-primary/,"",,,10003,2023,Governor,0,,,runoff,false,false,,REP,Landry,29465,Jeff Landry,56.0
84176,289,Mason-Dixon,1066,Gray Television,Mason-Dixon Polling & Strategy,197,Mason-Dixon Polling & Strategy,A-,Live Phone,,Louisiana,9/12/23,9/15/23,,"",,181731,625,rv,,rv,,9/19/23 08:44,"",https://www.wafb.com/2023/09/18/gray-tv-poll-shows-landry-leading-primary/,"",,,10003,2023,Governor,0,,,runoff,false,false,,IND,Lundy,30940,Hunter Lundy,30.0
84176,289,Mason-Dixon,1066,Gray Television,Mason-Dixon Polling & Strategy,197,Mason-Dixon Polling & Strategy,A-,Live Phone,,Louisiana,9/12/23,9/15/23,,"",,181732,625,rv,,rv,,9/19/23 08:44,"",https://www.wafb.com/2023/09/18/gray-tv-poll-shows-landry-leading-primary/,"",,,10003,2023,Governor,0,,,runoff,false,false,,REP,Landry,29465,Jeff Landry,51.0
84176,289,Mason-Dixon,1066,Gray Television,Mason-Dixon Polling & Strategy,197,Mason-Dixon Polling & Strategy,A-,Live Phone,,Louisiana,9/12/23,9/15/23,,"",,181732,625,rv,,rv,,9/19/23 08:44,"",https://www.wafb.com/2023/09/18/gray-tv-poll-shows-landry-leading-primary/,"",,,10003,2023,Governor,0,,,runoff,false,false,,REP,Schroder,29470,John M. Schroder,23.0
84176,289,Mason-Dixon,1066,Gray Television,Mason-Dixon Polling & Strategy,197,Mason-Dixon Polling & Strategy,A-,Live Phone,,Louisiana,9/12/23,9/15/23,,"",,181733,625,rv,,rv,,9/19/23 08:44,"",https://www.wafb.com/2023/09/18/gray-tv-poll-shows-landry-leading-primary/,"",,,10003,2023,Governor,0,,,runoff,false,false,,REP,Landry,29465,Jeff Landry,53.0
84176,289,Mason-Dixon,1066,Gray Television,Mason-Dixon Polling & Strategy,197,Mason-Dixon Polling & Strategy,A-,Live Phone,,Louisiana,9/12/23,9/15/23,,"",,181733,625,rv,,rv,,9/19/23 08:44,"",https://www.wafb.com/2023/09/18/gray-tv-poll-shows-landry-leading-primary/,"",,,10003,2023,Governor,0,,,runoff,false,false,,REP,Hewitt,29469,Sharon W. Hewitt,23.0
84177,1250,Trafalgar Group,2028,Louisiana Integrity PAC,Trafalgar Group,338,Trafalgar Group,B,IVR/Live Phone/Text/Online Panel/Email,,Louisiana,9/11/23,9/15/23,,"",,181734,1062,lv,,lv,,9/19/23 08:56,"",https://www.thetrafalgargroup.org/news/la-primary-0918/,"",,REP,9497,2023,Governor,0,,10/14/23,jungle primary,false,false,,DEM,Wilson,30938,Shawn Wilson,22.6
84177,1250,Trafalgar Group,2028,Louisiana Integrity PAC,Trafalgar Group,338,Trafalgar Group,B,IVR/Live Phone/Text/Online Panel/Email,,Louisiana,9/11/23,9/15/23,,"",,181734,1062,lv,,lv,,9/19/23 08:56,"",https://www.thetrafalgargroup.org/news/la-primary-0918/,"",,REP,9497,2023,Governor,0,,10/14/23,jungle primary,false,false,,REP,Landry,29465,Jeff Landry,37.7
84177,1250,Trafalgar Group,2028,Louisiana Integrity PAC,Trafalgar Group,338,Trafalgar Group,B,IVR/Live Phone/Text/Online Panel/Email,,Louisiana,9/11/23,9/15/23,,"",,181734,1062,lv,,lv,,9/19/23 08:56,"",https://www.thetrafalgargroup.org/news/la-primary-0918/,"",,REP,9497,2023,Governor,0,,10/14/23,jungle primary,false,false,,REP,Waguespack,30996,Stephen Waguespack,6.7
84177,1250,Trafalgar Group,2028,Louisiana Integrity PAC,Trafalgar Group,338,Trafalgar Group,B,IVR/Live Phone/Text/Online Panel/Email,,Louisiana,9/11/23,9/15/23,,"",,181734,1062,lv,,lv,,9/19/23 08:56,"",https://www.thetrafalgargroup.org/news/la-primary-0918/,"",,REP,9497,2023,Governor,0,,10/14/23,jungle primary,false,false,,REP,Schroder,29470,John M. Schroder,6.5
84177,1250,Trafalgar Group,2028,Louisiana Integrity PAC,Trafalgar Group,338,Trafalgar Group,B,IVR/Live Phone/Text/Online Panel/Email,,Louisiana,9/11/23,9/15/23,,"",,181734,1062,lv,,lv,,9/19/23 08:56,"",https://www.thetrafalgargroup.org/news/la-primary-0918/,"",,REP,9497,2023,Governor,0,,10/14/23,jungle primary,false,false,,IND,Lundy,30940,Hunter Lundy,6.3
84177,1250,Trafalgar Group,2028,Louisiana Integrity PAC,Trafalgar Group,338,Trafalgar Group,B,IVR/Live Phone/Text/Online Panel/Email,,Louisiana,9/11/23,9/15/23,,"",,181734,1062,lv,,lv,,9/19/23 08:56,"",https://www.thetrafalgargroup.org/news/la-primary-0918/,"",,REP,9497,2023,Governor,0,,10/14/23,jungle primary,false,false,,REP,Hewitt,29469,Sharon W. Hewitt,4.1
84177,1250,Trafalgar Group,2028,Louisiana Integrity PAC,Trafalgar Group,338,Trafalgar Group,B,IVR/Live Phone/Text/Online Panel/Email,,Louisiana,9/11/23,9/15/23,,"",,181734,1062,lv,,lv,,9/19/23 08:56,"",https://www.thetrafalgargroup.org/news/la-primary-0918/,"",,REP,9497,2023,Governor,0,,10/14/23,jungle primary,false,false,,REP,Nelson,30971,Richard Nelson,1.2
84207,1497,co/efficient,2029,Founders Insight,co/efficient,514,co/efficient,B+,IVR/Text,,Virginia,9/7/23,9/10/23,,"",,181954,834,lv,,lv,,9/21/23 09:44,"",https://foundersinsight.com/more-virginians-will-likely-vote-early-than-on-election-day/,"",,,10012,2025,Governor,0,,11/4/25,general,false,false,,DEM,Spanberger,31079,Abigail A. Spanberger,26.0
84207,1497,co/efficient,2029,Founders Insight,co/efficient,514,co/efficient,B+,IVR/Text,,Virginia,9/7/23,9/10/23,,"",,181954,834,lv,,lv,,9/21/23 09:44,"",https://foundersinsight.com/more-virginians-will-likely-vote-early-than-on-election-day/,"",,,10012,2025,Governor,0,,11/4/25,general,false,false,,REP,Miyares,31080,Jason S. Miyares,22.0
84207,1497,co/efficient,2029,Founders Insight,co/efficient,514,co/efficient,B+,IVR/Text,,Virginia,9/7/23,9/10/23,,"",,181955,834,lv,,lv,,9/21/23 09:44,"",https://foundersinsight.com/more-virginians-will-likely-vote-early-than-on-election-day/,"",,,10012,2025,Governor,0,,11/4/25,general,false,false,,DEM,Spanberger,31079,Abigail A. Spanberger,27.0
84207,1497,co/efficient,2029,Founders Insight,co/efficient,514,co/efficient,B+,IVR/Text,,Virginia,9/7/23,9/10/23,,"",,181955,834,lv,,lv,,9/21/23 09:44,"",https://foundersinsight.com/more-virginians-will-likely-vote-early-than-on-election-day/,"",,,10012,2025,Governor,0,,11/4/25,general,false,false,,REP,Sears,31081,Winsome Sears,26.0
84318,1418,WPAi,26,Club for Growth,WPA Intelligence,383,WPA Intelligence,B/C,Live Phone,,Kentucky,9/5/23,9/7/23,,"",,182839,500,lv,,lv,,10/4/23 18:29,"",https://www.clubforgrowth.org/new-cfg-pac-polling-shows-ky-gov-race-tightening/,"",,REP,9550,2023,Governor,0,,11/7/23,general,false,false,,DEM,Beshear,30953,Andy Beshear,48.0
84318,1418,WPAi,26,Club for Growth,WPA Intelligence,383,WPA Intelligence,B/C,Live Phone,,Kentucky,9/5/23,9/7/23,,"",,182839,500,lv,,lv,,10/4/23 18:29,"",https://www.clubforgrowth.org/new-cfg-pac-polling-shows-ky-gov-race-tightening/,"",,REP,9550,2023,Governor,0,,11/7/23,general,false,false,,REP,Cameron,30950,Daniel Jay Cameron,40.0
84119,1365,Change Research,1802,Carolina Forward,Change Research,48,Change Research,B-,Text-to-Web/Online Ad,,North Carolina,9/1/23,9/5/23,,"",,181296,914,lv,,lv,,9/11/23 09:58,"",https://carolinaforward.org/blog/reproductive-freedom-amendment/,"",,DEM,9502,2024,Governor,0,,11/5/24,general,false,false,,DEM,Stein,30167,Joshua Harold Stein,38.0
84119,1365,Change Research,1802,Carolina Forward,Change Research,48,Change Research,B-,Text-to-Web/Online Ad,,North Carolina,9/1/23,9/5/23,,"",,181296,914,lv,,lv,,9/11/23 09:58,"",https://carolinaforward.org/blog/reproductive-freedom-amendment/,"",,DEM,9502,2024,Governor,0,,11/5/24,general,false,false,,REP,Robinson,30168,Mark Keith Robinson,42.0
84098,204,Hart Research Associates,"","",Hart Research Associates,113,Garin-Hart-Yang Research Group,B+,,,Kentucky,8/30/23,9/1/23,30953,Andy Beshear,DEM,181157,716,lv,,lv,,9/6/23 20:24,"",https://www.nysun.com/article/polls-show-democratic-incumbent-beshear-running-away-with-kentucky-governors-race-but-they-may-not-tell-the-whole-story,"",true,DEM,9550,2023,Governor,0,,11/7/23,general,false,false,,DEM,Beshear,30953,Andy Beshear,51.0
84098,204,Hart Research Associates,"","",Hart Research Associates,113,Garin-Hart-Yang Research Group,B+,,,Kentucky,8/30/23,9/1/23,30953,Andy Beshear,DEM,181157,716,lv,,lv,,9/6/23 20:24,"",https://www.nysun.com/article/polls-show-democratic-incumbent-beshear-running-away-with-kentucky-governors-race-but-they-may-not-tell-the-whole-story,"",true,DEM,9550,2023,Governor,0,,11/7/23,general,false,false,,REP,Cameron,30950,Daniel Jay Cameron,42.0
84072,438,Siena,1955,Mississippi Today,Siena College,305,Siena College,A,Live Phone,,Mississippi,8/20/23,8/28/23,,"",,180886,650,lv,,lv,,9/1/23 11:17,"",https://mississippitoday.org/2023/09/01/tate-reeves-brandon-presley-august-poll/,"",,,9551,2023,Governor,0,,11/7/23,general,false,false,,DEM,Presley,30948,Brandon E. Presley,41.0
84072,438,Siena,1955,Mississippi Today,Siena College,305,Siena College,A,Live Phone,,Mississippi,8/20/23,8/28/23,,"",,180886,650,lv,,lv,,9/1/23 11:17,"",https://mississippitoday.org/2023/09/01/tate-reeves-brandon-presley-august-poll/,"",,,9551,2023,Governor,0,,11/7/23,general,false,false,,REP,Reeves,30949,Tate Reeves,52.0
83960,1814,Faucheux Strategies,"48,376,771,2019,2020,2021",WWL-TV | The Advocate | The Times-Picayune | Urban League of Louisiana | KATC-TV | Public Affairs Research Council of Louisiana,Faucheux Strategies,784,Faucheux Strategies,,Live Phone,,Louisiana,8/14/23,8/19/23,,"",,179912,800,lv,,lv,,8/23/23 11:05,"",https://www.theadvocate.com/baton_rouge/news/politics/jeff-landry-continues-to-lead-in-the-governors-race/article_c423aac5-1011-5b47-85af-0bbd92f8d6b1.html,"",,,9497,2023,Governor,0,,10/14/23,jungle primary,false,false,,DEM,Wilson,30938,Shawn Wilson,26.0
83960,1814,Faucheux Strategies,"48,376,771,2019,2020,2021",WWL-TV | The Advocate | The Times-Picayune | Urban League of Louisiana | KATC-TV | Public Affairs Research Council of Louisiana,Faucheux Strategies,784,Faucheux Strategies,,Live Phone,,Louisiana,8/14/23,8/19/23,,"",,179912,800,lv,,lv,,8/23/23 11:05,"",https://www.theadvocate.com/baton_rouge/news/politics/jeff-landry-continues-to-lead-in-the-governors-race/article_c423aac5-1011-5b47-85af-0bbd92f8d6b1.html,"",,,9497,2023,Governor,0,,10/14/23,jungle primary,false,false,,REP,Landry,29465,Jeff Landry,36.0
83960,1814,Faucheux Strategies,"48,376,771,2019,2020,2021",WWL-TV | The Advocate | The Times-Picayune | Urban League of Louisiana | KATC-TV | Public Affairs Research Council of Louisiana,Faucheux Strategies,784,Faucheux Strategies,,Live Phone,,Louisiana,8/14/23,8/19/23,,"",,179912,800,lv,,lv,,8/23/23 11:05,"",https://www.theadvocate.com/baton_rouge/news/politics/jeff-landry-continues-to-lead-in-the-governors-race/article_c423aac5-1011-5b47-85af-0bbd92f8d6b1.html,"",,,9497,2023,Governor,0,,10/14/23,jungle primary,false,false,,IND,Lundy,30940,Hunter Lundy,7.0
83960,1814,Faucheux Strategies,"48,376,771,2019,2020,2021",WWL-TV | The Advocate | The Times-Picayune | Urban League of Louisiana | KATC-TV | Public Affairs Research Council of Louisiana,Faucheux Strategies,784,Faucheux Strategies,,Live Phone,,Louisiana,8/14/23,8/19/23,,"",,179912,800,lv,,lv,,8/23/23 11:05,"",https://www.theadvocate.com/baton_rouge/news/politics/jeff-landry-continues-to-lead-in-the-governors-race/article_c423aac5-1011-5b47-85af-0bbd92f8d6b1.html,"",,,9497,2023,Governor,0,,10/14/23,jungle primary,false,false,,REP,Waguespack,30996,Stephen Waguespack,6.0
83960,1814,Faucheux Strategies,"48,376,771,2019,2020,2021",WWL-TV | The Advocate | The Times-Picayune | Urban League of Louisiana | KATC-TV | Public Affairs Research Council of Louisiana,Faucheux Strategies,784,Faucheux Strategies,,Live Phone,,Louisiana,8/14/23,8/19/23,,"",,179912,800,lv,,lv,,8/23/23 11:05,"",https://www.theadvocate.com/baton_rouge/news/politics/jeff-landry-continues-to-lead-in-the-governors-race/article_c423aac5-1011-5b47-85af-0bbd92f8d6b1.html,"",,,9497,2023,Governor,0,,10/14/23,jungle primary,false,false,,REP,Schroder,29470,John M. Schroder,4.0
83960,1814,Faucheux Strategies,"48,376,771,2019,2020,2021",WWL-TV | The Advocate | The Times-Picayune | Urban League of Louisiana | KATC-TV | Public Affairs Research Council of Louisiana,Faucheux Strategies,784,Faucheux Strategies,,Live Phone,,Louisiana,8/14/23,8/19/23,,"",,179912,800,lv,,lv,,8/23/23 11:05,"",https://www.theadvocate.com/baton_rouge/news/politics/jeff-landry-continues-to-lead-in-the-governors-race/article_c423aac5-1011-5b47-85af-0bbd92f8d6b1.html,"",,,9497,2023,Governor,0,,10/14/23,jungle primary,false,false,,REP,Hewitt,29469,Sharon W. Hewitt,3.0
83960,1814,Faucheux Strategies,"48,376,771,2019,2020,2021",WWL-TV | The Advocate | The Times-Picayune | Urban League of Louisiana | KATC-TV | Public Affairs Research Council of Louisiana,Faucheux Strategies,784,Faucheux Strategies,,Live Phone,,Louisiana,8/14/23,8/19/23,,"",,179912,800,lv,,lv,,8/23/23 11:05,"",https://www.theadvocate.com/baton_rouge/news/politics/jeff-landry-continues-to-lead-in-the-governors-race/article_c423aac5-1011-5b47-85af-0bbd92f8d6b1.html,"",,,9497,2023,Governor,0,,10/14/23,jungle primary,false,false,,REP,Nelson,30971,Richard Nelson,2.0
83960,1814,Faucheux Strategies,"48,376,771,2019,2020,2021",WWL-TV | The Advocate | The Times-Picayune | Urban League of Louisiana | KATC-TV | Public Affairs Research Council of Louisiana,Faucheux Strategies,784,Faucheux Strategies,,Live Phone,,Louisiana,8/14/23,8/19/23,,"",,179913,800,lv,,lv,,8/23/23 11:05,"",https://www.theadvocate.com/baton_rouge/news/politics/jeff-landry-continues-to-lead-in-the-governors-race/article_c423aac5-1011-5b47-85af-0bbd92f8d6b1.html,"",,,10003,2023,Governor,0,,,runoff,false,false,,DEM,Wilson,30938,Shawn Wilson,36.0
83960,1814,Faucheux Strategies,"48,376,771,2019,2020,2021",WWL-TV | The Advocate | The Times-Picayune | Urban League of Louisiana | KATC-TV | Public Affairs Research Council of Louisiana,Faucheux Strategies,784,Faucheux Strategies,,Live Phone,,Louisiana,8/14/23,8/19/23,,"",,179913,800,lv,,lv,,8/23/23 11:05,"",https://www.theadvocate.com/baton_rouge/news/politics/jeff-landry-continues-to-lead-in-the-governors-race/article_c423aac5-1011-5b47-85af-0bbd92f8d6b1.html,"",,,10003,2023,Governor,0,,,runoff,false,false,,REP,Landry,29465,Jeff Landry,54.0
84107,383,PPP,"","",Public Policy Polling,263,Public Policy Polling,A-,IVR/Text,,Indiana,8/15/23,8/16/23,31062,Jennifer McCormick,DEM,181193,663,rv,,rv,,9/7/23 09:40,"",https://www.axios.com/local/indianapolis/2023/09/07/mccormick-democrats-2024-governors-race-indiana,"",true,DEM,9539,2024,Governor,0,,11/5/24,general,false,false,,DEM,McCormick,31062,Jennifer McCormick,35.0
84107,383,PPP,"","",Public Policy Polling,263,Public Policy Polling,A-,IVR/Text,,Indiana,8/15/23,8/16/23,31062,Jennifer McCormick,DEM,181193,663,rv,,rv,,9/7/23 09:40,"",https://www.axios.com/local/indianapolis/2023/09/07/mccormick-democrats-2024-governors-race-indiana,"",true,DEM,9539,2024,Governor,0,,11/5/24,general,false,false,,REP,Braun,31063,Mike Braun,46.0
84107,383,PPP,"","",Public Policy Polling,263,Public Policy Polling,A-,IVR/Text,,Indiana,8/15/23,8/16/23,31062,Jennifer McCormick,DEM,181194,663,rv,,rv,,9/7/23 09:42,"",https://www.axios.com/local/indianapolis/2023/09/07/mccormick-democrats-2024-governors-race-indiana,"",true,DEM,9539,2024,Governor,0,,11/5/24,general,false,false,,DEM,McCormick,31062,Jennifer McCormick,35.0
84107,383,PPP,"","",Public Policy Polling,263,Public Policy Polling,A-,IVR/Text,,Indiana,8/15/23,8/16/23,31062,Jennifer McCormick,DEM,181194,663,rv,,rv,,9/7/23 09:42,"",https://www.axios.com/local/indianapolis/2023/09/07/mccormick-democrats-2024-governors-race-indiana,"",true,DEM,9539,2024,Governor,0,,11/5/24,general,false,false,,REP,Crouch,31064,Suzanne Crouch,39.0
84107,383,PPP,"","",Public Policy Polling,263,Public Policy Polling,A-,IVR/Text,,Indiana,8/15/23,8/16/23,31062,Jennifer McCormick,DEM,181195,663,rv,,rv,,9/7/23 09:43,"",https://www.axios.com/local/indianapolis/2023/09/07/mccormick-democrats-2024-governors-race-indiana,"",true,DEM,9539,2024,Governor,0,,11/5/24,general,false,false,,DEM,McCormick,31062,Jennifer McCormick,36.0
84107,383,PPP,"","",Public Policy Polling,263,Public Policy Polling,A-,IVR/Text,,Indiana,8/15/23,8/16/23,31062,Jennifer McCormick,DEM,181195,663,rv,,rv,,9/7/23 09:43,"",https://www.axios.com/local/indianapolis/2023/09/07/mccormick-democrats-2024-governors-race-indiana,"",true,DEM,9539,2024,Governor,0,,11/5/24,general,false,false,,REP,Hill,31065,Curtis T. Hill,36.0
83422,1102,Emerson,1185,Nexstar,Emerson College,88,Emerson College,A-,IVR/Text-to-Web/Email,,Louisiana,8/13/23,8/14/23,,"",,178991,982,lv,,lv,,8/16/23 19:20,"",https://emersoncollegepolling.com/republicans-look-to-regain-governorship-in-louisiana/,"",,,9497,2023,Governor,0,,10/14/23,jungle primary,false,false,,DEM,Wilson,30938,Shawn Wilson,22.3
83422,1102,Emerson,1185,Nexstar,Emerson College,88,Emerson College,A-,IVR/Text-to-Web/Email,,Louisiana,8/13/23,8/14/23,,"",,178991,982,lv,,lv,,8/16/23 19:20,"",https://emersoncollegepolling.com/republicans-look-to-regain-governorship-in-louisiana/,"",,,9497,2023,Governor,0,,10/14/23,jungle primary,false,false,,REP,Landry,29465,Jeff Landry,39.7
83422,1102,Emerson,1185,Nexstar,Emerson College,88,Emerson College,A-,IVR/Text-to-Web/Email,,Louisiana,8/13/23,8/14/23,,"",,178991,982,lv,,lv,,8/16/23 19:20,"",https://emersoncollegepolling.com/republicans-look-to-regain-governorship-in-louisiana/,"",,,9497,2023,Governor,0,,10/14/23,jungle primary,false,false,,REP,Waguespack,30996,Stephen Waguespack,5.1
83422,1102,Emerson,1185,Nexstar,Emerson College,88,Emerson College,A-,IVR/Text-to-Web/Email,,Louisiana,8/13/23,8/14/23,,"",,178991,982,lv,,lv,,8/16/23 19:20,"",https://emersoncollegepolling.com/republicans-look-to-regain-governorship-in-louisiana/,"",,,9497,2023,Governor,0,,10/14/23,jungle primary,false,false,,REP,Hewitt,29469,Sharon W. Hewitt,5.1
83422,1102,Emerson,1185,Nexstar,Emerson College,88,Emerson College,A-,IVR/Text-to-Web/Email,,Louisiana,8/13/23,8/14/23,,"",,178991,982,lv,,lv,,8/16/23 19:20,"",https://emersoncollegepolling.com/republicans-look-to-regain-governorship-in-louisiana/,"",,,9497,2023,Governor,0,,10/14/23,jungle primary,false,false,,IND,Lundy,30940,Hunter Lundy,3.0
83422,1102,Emerson,1185,Nexstar,Emerson College,88,Emerson College,A-,IVR/Text-to-Web/Email,,Louisiana,8/13/23,8/14/23,,"",,178991,982,lv,,lv,,8/16/23 19:20,"",https://emersoncollegepolling.com/republicans-look-to-regain-governorship-in-louisiana/,"",,,9497,2023,Governor,0,,10/14/23,jungle primary,false,false,,REP,Schroder,29470,John M. Schroder,4.0
83402,1102,Emerson,"","",Emerson College,88,Emerson College,A-,IVR/Online Panel/Text-to-Web/Email,,New Hampshire,8/9/23,8/11/23,,"",,178786,837,rv,,rv,,8/15/23 09:28,"",https://emersoncollegepolling.com/new-hampshire-2024-desantis-fades-trump-maintains-lead-in-primary/,"",,,9542,2024,Governor,0,,11/5/24,general,false,false,,DEM,Craig,31054,Joyce Craig,37.1
83402,1102,Emerson,"","",Emerson College,88,Emerson College,A-,IVR/Online Panel/Text-to-Web/Email,,New Hampshire,8/9/23,8/11/23,,"",,178786,837,rv,,rv,,8/15/23 09:28,"",https://emersoncollegepolling.com/new-hampshire-2024-desantis-fades-trump-maintains-lead-in-primary/,"",,,9542,2024,Governor,0,,11/5/24,general,false,false,,REP,Ayotte,31055,Kelly Ayotte,46.0
83402,1102,Emerson,"","",Emerson College,88,Emerson College,A-,IVR/Online Panel/Text-to-Web/Email,,New Hampshire,8/9/23,8/11/23,,"",,178787,837,rv,,rv,,8/15/23 09:28,"",https://emersoncollegepolling.com/new-hampshire-2024-desantis-fades-trump-maintains-lead-in-primary/,"",,,9542,2024,Governor,0,,11/5/24,general,false,false,,DEM,Warmington,31056,Cinde Warmington,33.7
83402,1102,Emerson,"","",Emerson College,88,Emerson College,A-,IVR/Online Panel/Text-to-Web/Email,,New Hampshire,8/9/23,8/11/23,,"",,178787,837,rv,,rv,,8/15/23 09:28,"",https://emersoncollegepolling.com/new-hampshire-2024-desantis-fades-trump-maintains-lead-in-primary/,"",,,9542,2024,Governor,0,,11/5/24,general,false,false,,REP,Ayotte,31055,Kelly Ayotte,47.1
83390,383,PPP,"","",Public Policy Polling,263,Public Policy Polling,A-,IVR/Text-to-Web,,Kentucky,8/9/23,8/10/23,30953,Andy Beshear,DEM,178726,737,v,,v,,8/10/23 13:30,"",https://andybeshear.com/wp-content/uploads/2023/08/ppp-results.pdf,"",true,DEM,9550,2023,Governor,0,,11/7/23,general,false,false,,DEM,Beshear,30953,Andy Beshear,49.0
83390,383,PPP,"","",Public Policy Polling,263,Public Policy Polling,A-,IVR/Text-to-Web,,Kentucky,8/9/23,8/10/23,30953,Andy Beshear,DEM,178726,737,v,,v,,8/10/23 13:30,"",https://andybeshear.com/wp-content/uploads/2023/08/ppp-results.pdf,"",true,DEM,9550,2023,Governor,0,,11/7/23,general,false,false,,REP,Cameron,30950,Daniel Jay Cameron,41.0
84038,1718,Impact Research,"","",Impact Research,14,Impact Research,B/C,,,Mississippi,8/6/23,8/9/23,30948,Brandon E. Presley,DEM,180650,600,lv,,lv,,8/30/23 09:51,"",https://www.djournal.com/news/state-news/governor-s-race-now-tied-presley-internal-poll-says/article_79792616-46b8-11ee-9391-bfee5a6cc861.html,"",true,DEM,9551,2023,Governor,0,,11/7/23,general,false,false,,DEM,Presley,30948,Brandon E. Presley,46.0
84038,1718,Impact Research,"","",Impact Research,14,Impact Research,B/C,,,Mississippi,8/6/23,8/9/23,30948,Brandon E. Presley,DEM,180650,600,lv,,lv,,8/30/23 09:51,"",https://www.djournal.com/news/state-news/governor-s-race-now-tied-presley-internal-poll-says/article_79792616-46b8-11ee-9391-bfee5a6cc861.html,"",true,DEM,9551,2023,Governor,0,,11/7/23,general,false,false,,REP,Reeves,30949,Tate Reeves,46.0
83255,379,Public Opinion Strategies,1285,Republican State Leadership Committee,Public Opinion Strategies,260,Public Opinion Strategies,B+,Live Phone,,Kentucky,7/19/23,7/20/23,,"",,175880,500,rv,,rv,,7/21/23 15:50,"",https://www.rslc.gop/ky-memo-2023,"",true,REP,9550,2023,Governor,0,,11/7/23,general,false,false,,DEM,Beshear,30953,Andy Beshear,49.0
83255,379,Public Opinion Strategies,1285,Republican State Leadership Committee,Public Opinion Strategies,260,Public Opinion Strategies,B+,Live Phone,,Kentucky,7/19/23,7/20/23,,"",,175880,500,rv,,rv,,7/21/23 15:50,"",https://www.rslc.gop/ky-memo-2023,"",true,REP,9550,2023,Governor,0,,11/7/23,general,false,false,,REP,Cameron,30950,Daniel Jay Cameron,45.0
83208,1766,BDPC,2005,Citizens for a New Louisiana,BDPC,746,BDPC,,Live Phone,,Louisiana,7/6/23,7/10/23,,"",,175574,600,rv,,rv,,7/13/23 11:00,"",https://www.kadn.com/news/louisiana-governors-race-poll-shows-jeff-landry-in-lead-shawn-wilson-in-second-place/article_7f84138e-2130-11ee-9753-9bb0e13bcf11.html,"",,REP,9497,2023,Governor,0,,10/14/23,jungle primary,false,false,,DEM,Wilson,30938,Shawn Wilson,28.0
83208,1766,BDPC,2005,Citizens for a New Louisiana,BDPC,746,BDPC,,Live Phone,,Louisiana,7/6/23,7/10/23,,"",,175574,600,rv,,rv,,7/13/23 11:00,"",https://www.kadn.com/news/louisiana-governors-race-poll-shows-jeff-landry-in-lead-shawn-wilson-in-second-place/article_7f84138e-2130-11ee-9753-9bb0e13bcf11.html,"",,REP,9497,2023,Governor,0,,10/14/23,jungle primary,false,false,,REP,Landry,29465,Jeff Landry,30.0
83208,1766,BDPC,2005,Citizens for a New Louisiana,BDPC,746,BDPC,,Live Phone,,Louisiana,7/6/23,7/10/23,,"",,175574,600,rv,,rv,,7/13/23 11:00,"",https://www.kadn.com/news/louisiana-governors-race-poll-shows-jeff-landry-in-lead-shawn-wilson-in-second-place/article_7f84138e-2130-11ee-9753-9bb0e13bcf11.html,"",,REP,9497,2023,Governor,0,,10/14/23,jungle primary,false,false,,REP,Hewitt,29469,Sharon W. Hewitt,4.0
83208,1766,BDPC,2005,Citizens for a New Louisiana,BDPC,746,BDPC,,Live Phone,,Louisiana,7/6/23,7/10/23,,"",,175574,600,rv,,rv,,7/13/23 11:00,"",https://www.kadn.com/news/louisiana-governors-race-poll-shows-jeff-landry-in-lead-shawn-wilson-in-second-place/article_7f84138e-2130-11ee-9753-9bb0e13bcf11.html,"",,REP,9497,2023,Governor,0,,10/14/23,jungle primary,false,false,,REP,Nelson,30971,Richard Nelson,1.0
83208,1766,BDPC,2005,Citizens for a New Louisiana,BDPC,746,BDPC,,Live Phone,,Louisiana,7/6/23,7/10/23,,"",,175574,600,rv,,rv,,7/13/23 11:00,"",https://www.kadn.com/news/louisiana-governors-race-poll-shows-jeff-landry-in-lead-shawn-wilson-in-second-place/article_7f84138e-2130-11ee-9753-9bb0e13bcf11.html,"",,REP,9497,2023,Governor,0,,10/14/23,jungle primary,false,false,,REP,Schroder,29470,John M. Schroder,6.0
83208,1766,BDPC,2005,Citizens for a New Louisiana,BDPC,746,BDPC,,Live Phone,,Louisiana,7/6/23,7/10/23,,"",,175574,600,rv,,rv,,7/13/23 11:00,"",https://www.kadn.com/news/louisiana-governors-race-poll-shows-jeff-landry-in-lead-shawn-wilson-in-second-place/article_7f84138e-2130-11ee-9753-9bb0e13bcf11.html,"",,REP,9497,2023,Governor,0,,10/14/23,jungle primary,false,false,,REP,Waguespack,30996,Stephen Waguespack,5.0
83208,1766,BDPC,2005,Citizens for a New Louisiana,BDPC,746,BDPC,,Live Phone,,Louisiana,7/6/23,7/10/23,,"",,175574,600,rv,,rv,,7/13/23 11:00,"",https://www.kadn.com/news/louisiana-governors-race-poll-shows-jeff-landry-in-lead-shawn-wilson-in-second-place/article_7f84138e-2130-11ee-9753-9bb0e13bcf11.html,"",,REP,9497,2023,Governor,0,,10/14/23,jungle primary,false,false,,IND,Lundy,30940,Hunter Lundy,5.0
83208,1766,BDPC,2005,Citizens for a New Louisiana,BDPC,746,BDPC,,Live Phone,,Louisiana,7/6/23,7/10/23,,"",,175575,600,rv,,rv,,7/13/23 11:00,"",https://www.kadn.com/news/louisiana-governors-race-poll-shows-jeff-landry-in-lead-shawn-wilson-in-second-place/article_7f84138e-2130-11ee-9753-9bb0e13bcf11.html,"",,REP,10003,2023,Governor,0,,,runoff,false,false,,DEM,Wilson,30938,Shawn Wilson,40.0
83208,1766,BDPC,2005,Citizens for a New Louisiana,BDPC,746,BDPC,,Live Phone,,Louisiana,7/6/23,7/10/23,,"",,175575,600,rv,,rv,,7/13/23 11:00,"",https://www.kadn.com/news/louisiana-governors-race-poll-shows-jeff-landry-in-lead-shawn-wilson-in-second-place/article_7f84138e-2130-11ee-9753-9bb0e13bcf11.html,"",,REP,10003,2023,Governor,0,,,runoff,false,false,,REP,Landry,29465,Jeff Landry,45.0
83301,356,OnMessage Inc.,"","",OnMessage,239,OnMessage Inc.,B/C,,,Mississippi,7/7/23,7/7/23,30949,Tate Reeves,REP,176781,,rv,,rv,,7/27/23 10:45,"",https://www.djournal.com/news/state-news/leaked-reeves-poll-shows-big-lead-but-came-before-presley-s-first-tv-ads/article_4069c1a0-2b38-11ee-b5fe-6384641d4c83.html,"",true,REP,9551,2023,Governor,0,,11/7/23,general,false,false,,DEM,Presley,30948,Brandon E. Presley,32.0
83301,356,OnMessage Inc.,"","",OnMessage,239,OnMessage Inc.,B/C,,,Mississippi,7/7/23,7/7/23,30949,Tate Reeves,REP,176781,,rv,,rv,,7/27/23 10:45,"",https://www.djournal.com/news/state-news/leaked-reeves-poll-shows-big-lead-but-came-before-presley-s-first-tv-ads/article_4069c1a0-2b38-11ee-b5fe-6384641d4c83.html,"",true,REP,9551,2023,Governor,0,,11/7/23,general,false,false,,REP,Reeves,30949,Tate Reeves,49.0
83144,1714,Kaplan Strategies,"","",Kaplan Strategies,782,Kaplan Strategies,,IVR/Online Panel/Text,,Louisiana,6/30/23,7/2/23,,"",,175358,1077,lv,,lv,,7/5/23 17:08,"",https://twitter.com/dougjkaplan/status/1676720926749081602,"",,,9497,2023,Governor,0,,10/14/23,jungle primary,false,false,,DEM,Wilson,30938,Shawn Wilson,22.0
83144,1714,Kaplan Strategies,"","",Kaplan Strategies,782,Kaplan Strategies,,IVR/Online Panel/Text,,Louisiana,6/30/23,7/2/23,,"",,175358,1077,lv,,lv,,7/5/23 17:08,"",https://twitter.com/dougjkaplan/status/1676720926749081602,"",,,9497,2023,Governor,0,,10/14/23,jungle primary,false,false,,REP,Landry,29465,Jeff Landry,30.0
83144,1714,Kaplan Strategies,"","",Kaplan Strategies,782,Kaplan Strategies,,IVR/Online Panel/Text,,Louisiana,6/30/23,7/2/23,,"",,175358,1077,lv,,lv,,7/5/23 17:08,"",https://twitter.com/dougjkaplan/status/1676720926749081602,"",,,9497,2023,Governor,0,,10/14/23,jungle primary,false,false,,REP,Waguespack,30996,Stephen Waguespack,6.0
83144,1714,Kaplan Strategies,"","",Kaplan Strategies,782,Kaplan Strategies,,IVR/Online Panel/Text,,Louisiana,6/30/23,7/2/23,,"",,175358,1077,lv,,lv,,7/5/23 17:08,"",https://twitter.com/dougjkaplan/status/1676720926749081602,"",,,9497,2023,Governor,0,,10/14/23,jungle primary,false,false,,REP,Schroder,29470,John M. Schroder,6.0
83144,1714,Kaplan Strategies,"","",Kaplan Strategies,782,Kaplan Strategies,,IVR/Online Panel/Text,,Louisiana,6/30/23,7/2/23,,"",,175358,1077,lv,,lv,,7/5/23 17:08,"",https://twitter.com/dougjkaplan/status/1676720926749081602,"",,,9497,2023,Governor,0,,10/14/23,jungle primary,false,false,,IND,Lundy,30940,Hunter Lundy,5.0
83144,1714,Kaplan Strategies,"","",Kaplan Strategies,782,Kaplan Strategies,,IVR/Online Panel/Text,,Louisiana,6/30/23,7/2/23,,"",,175358,1077,lv,,lv,,7/5/23 17:08,"",https://twitter.com/dougjkaplan/status/1676720926749081602,"",,,9497,2023,Governor,0,,10/14/23,jungle primary,false,false,,REP,Hewitt,29469,Sharon W. Hewitt,5.0
83144,1714,Kaplan Strategies,"","",Kaplan Strategies,782,Kaplan Strategies,,IVR/Online Panel/Text,,Louisiana,6/30/23,7/2/23,,"",,175358,1077,lv,,lv,,7/5/23 17:08,"",https://twitter.com/dougjkaplan/status/1676720926749081602,"",,,9497,2023,Governor,0,,10/14/23,jungle primary,false,false,,REP,Nelson,30971,Richard Nelson,2.0
83248,379,Public Opinion Strategies,2008,The Prichard Committee,Public Opinion Strategies,260,Public Opinion Strategies,B+,,,Kentucky,6/22/23,6/29/23,,"",,175841,800,rv,,rv,,7/21/23 10:17,"",https://drive.google.com/file/d/15ziupY7y4QVJTVRlzyDOK9gDJE9_h94w/view,"",,,9550,2023,Governor,0,,11/7/23,general,false,false,,DEM,Beshear,30953,Andy Beshear,52.0
83248,379,Public Opinion Strategies,2008,The Prichard Committee,Public Opinion Strategies,260,Public Opinion Strategies,B+,,,Kentucky,6/22/23,6/29/23,,"",,175841,800,rv,,rv,,7/21/23 10:17,"",https://drive.google.com/file/d/15ziupY7y4QVJTVRlzyDOK9gDJE9_h94w/view,"",,,9550,2023,Governor,0,,11/7/23,general,false,false,,REP,Cameron,30950,Daniel Jay Cameron,42.0
83122,1056,Remington,2001,Reboot Louisiana,Remington Research Group,279,Remington Research Group,B,,,Louisiana,6/22/23,6/25/23,,"",,175201,896,lv,,lv,,6/29/23 09:10,"",https://www.weeklycitizen.com/story/news/2023/06/28/new-poll-shows-wags-gaining-ground-on-jeff-landry-in-louisiana-governor-race/70363042007/,"",,REP,9497,2023,Governor,0,,10/14/23,jungle primary,false,false,,DEM,Wilson,30938,Shawn Wilson,27.0
83122,1056,Remington,2001,Reboot Louisiana,Remington Research Group,279,Remington Research Group,B,,,Louisiana,6/22/23,6/25/23,,"",,175201,896,lv,,lv,,6/29/23 09:10,"",https://www.weeklycitizen.com/story/news/2023/06/28/new-poll-shows-wags-gaining-ground-on-jeff-landry-in-louisiana-governor-race/70363042007/,"",,REP,9497,2023,Governor,0,,10/14/23,jungle primary,false,false,,REP,Landry,29465,Jeff Landry,25.0
83122,1056,Remington,2001,Reboot Louisiana,Remington Research Group,279,Remington Research Group,B,,,Louisiana,6/22/23,6/25/23,,"",,175201,896,lv,,lv,,6/29/23 09:10,"",https://www.weeklycitizen.com/story/news/2023/06/28/new-poll-shows-wags-gaining-ground-on-jeff-landry-in-louisiana-governor-race/70363042007/,"",,REP,9497,2023,Governor,0,,10/14/23,jungle primary,false,false,,REP,Schroder,29470,John M. Schroder,7.0
83122,1056,Remington,2001,Reboot Louisiana,Remington Research Group,279,Remington Research Group,B,,,Louisiana,6/22/23,6/25/23,,"",,175201,896,lv,,lv,,6/29/23 09:10,"",https://www.weeklycitizen.com/story/news/2023/06/28/new-poll-shows-wags-gaining-ground-on-jeff-landry-in-louisiana-governor-race/70363042007/,"",,REP,9497,2023,Governor,0,,10/14/23,jungle primary,false,false,,REP,Hewitt,29469,Sharon W. Hewitt,3.0
83122,1056,Remington,2001,Reboot Louisiana,Remington Research Group,279,Remington Research Group,B,,,Louisiana,6/22/23,6/25/23,,"",,175201,896,lv,,lv,,6/29/23 09:10,"",https://www.weeklycitizen.com/story/news/2023/06/28/new-poll-shows-wags-gaining-ground-on-jeff-landry-in-louisiana-governor-race/70363042007/,"",,REP,9497,2023,Governor,0,,10/14/23,jungle primary,false,false,,REP,Waguespack,30996,Stephen Waguespack,16.0
83122,1056,Remington,2001,Reboot Louisiana,Remington Research Group,279,Remington Research Group,B,,,Louisiana,6/22/23,6/25/23,,"",,175201,896,lv,,lv,,6/29/23 09:10,"",https://www.weeklycitizen.com/story/news/2023/06/28/new-poll-shows-wags-gaining-ground-on-jeff-landry-in-louisiana-governor-race/70363042007/,"",,REP,9497,2023,Governor,0,,10/14/23,jungle primary,false,false,,REP,Nelson,30971,Richard Nelson,0.0
83122,1056,Remington,2001,Reboot Louisiana,Remington Research Group,279,Remington Research Group,B,,,Louisiana,6/22/23,6/25/23,,"",,175201,896,lv,,lv,,6/29/23 09:10,"",https://www.weeklycitizen.com/story/news/2023/06/28/new-poll-shows-wags-gaining-ground-on-jeff-landry-in-louisiana-governor-race/70363042007/,"",,REP,9497,2023,Governor,0,,10/14/23,jungle primary,false,false,,IND,Lundy,30940,Hunter Lundy,4.0
83136,1418,WPAi,2002,Protect Louisiana's Children,WPA Intelligence,383,WPA Intelligence,B/C,Live Phone/Text-to-Web,,Louisiana,6/15/23,6/17/23,,"",,175258,500,lv,,lv,,6/29/23 16:11,"",https://twitter.com/WPAIntel/status/1674435924900601856?s=20,"",,REP,9497,2023,Governor,0,,10/14/23,jungle primary,false,false,,DEM,Wilson,30938,Shawn Wilson,17.0
83136,1418,WPAi,2002,Protect Louisiana's Children,WPA Intelligence,383,WPA Intelligence,B/C,Live Phone/Text-to-Web,,Louisiana,6/15/23,6/17/23,,"",,175258,500,lv,,lv,,6/29/23 16:11,"",https://twitter.com/WPAIntel/status/1674435924900601856?s=20,"",,REP,9497,2023,Governor,0,,10/14/23,jungle primary,false,false,,REP,Landry,29465,Jeff Landry,35.0
83136,1418,WPAi,2002,Protect Louisiana's Children,WPA Intelligence,383,WPA Intelligence,B/C,Live Phone/Text-to-Web,,Louisiana,6/15/23,6/17/23,,"",,175258,500,lv,,lv,,6/29/23 16:11,"",https://twitter.com/WPAIntel/status/1674435924900601856?s=20,"",,REP,9497,2023,Governor,0,,10/14/23,jungle primary,false,false,,REP,Waguespack,30996,Stephen Waguespack,6.0
83136,1418,WPAi,2002,Protect Louisiana's Children,WPA Intelligence,383,WPA Intelligence,B/C,Live Phone/Text-to-Web,,Louisiana,6/15/23,6/17/23,,"",,175258,500,lv,,lv,,6/29/23 16:11,"",https://twitter.com/WPAIntel/status/1674435924900601856?s=20,"",,REP,9497,2023,Governor,0,,10/14/23,jungle primary,false,false,,REP,Schroder,29470,John M. Schroder,3.0
83136,1418,WPAi,2002,Protect Louisiana's Children,WPA Intelligence,383,WPA Intelligence,B/C,Live Phone/Text-to-Web,,Louisiana,6/15/23,6/17/23,,"",,175258,500,lv,,lv,,6/29/23 16:11,"",https://twitter.com/WPAIntel/status/1674435924900601856?s=20,"",,REP,9497,2023,Governor,0,,10/14/23,jungle primary,false,false,,IND,Lundy,30940,Hunter Lundy,4.0
83136,1418,WPAi,2002,Protect Louisiana's Children,WPA Intelligence,383,WPA Intelligence,B/C,Live Phone/Text-to-Web,,Louisiana,6/15/23,6/17/23,,"",,175258,500,lv,,lv,,6/29/23 16:11,"",https://twitter.com/WPAIntel/status/1674435924900601856?s=20,"",,REP,9497,2023,Governor,0,,10/14/23,jungle primary,false,false,,REP,Nelson,30971,Richard Nelson,0.0
83136,1418,WPAi,2002,Protect Louisiana's Children,WPA Intelligence,383,WPA Intelligence,B/C,Live Phone/Text-to-Web,,Louisiana,6/15/23,6/17/23,,"",,175258,500,lv,,lv,,6/29/23 16:11,"",https://twitter.com/WPAIntel/status/1674435924900601856?s=20,"",,REP,9497,2023,Governor,0,,10/14/23,jungle primary,false,false,,REP,Hewitt,29469,Sharon W. Hewitt,2.0
83136,1418,WPAi,2002,Protect Louisiana's Children,WPA Intelligence,383,WPA Intelligence,B/C,Live Phone/Text-to-Web,,Louisiana,6/15/23,6/17/23,,"",,175258,500,lv,,lv,,6/29/23 16:11,"",https://twitter.com/WPAIntel/status/1674435924900601856?s=20,"",,REP,9497,2023,Governor,0,,10/14/23,jungle primary,false,false,,IND,Istre,31037,Jeffrey Istre,0.0
83065,253,Kitchens,1998,Vantage Data House,The Kitchens Group,664,The Kitchens Group,B/C,Live Phone/Text,,Louisiana,6/12/23,6/15/23,,"",,174900,1600,lv,,lv,,6/21/23 19:17,"",https://www.nola.com/news/politics/jeff-landry-and-shawn-wilson-run-1-2-in-governors-race-poll/article_309868ce-1041-11ee-9eaa-f37bb09de5e6.html,"",,,9497,2023,Governor,0,,10/14/23,jungle primary,false,false,,DEM,Wilson,30938,Shawn Wilson,21.0
83065,253,Kitchens,1998,Vantage Data House,The Kitchens Group,664,The Kitchens Group,B/C,Live Phone/Text,,Louisiana,6/12/23,6/15/23,,"",,174900,1600,lv,,lv,,6/21/23 19:17,"",https://www.nola.com/news/politics/jeff-landry-and-shawn-wilson-run-1-2-in-governors-race-poll/article_309868ce-1041-11ee-9eaa-f37bb09de5e6.html,"",,,9497,2023,Governor,0,,10/14/23,jungle primary,false,false,,REP,Landry,29465,Jeff Landry,31.0
83065,253,Kitchens,1998,Vantage Data House,The Kitchens Group,664,The Kitchens Group,B/C,Live Phone/Text,,Louisiana,6/12/23,6/15/23,,"",,174900,1600,lv,,lv,,6/21/23 19:17,"",https://www.nola.com/news/politics/jeff-landry-and-shawn-wilson-run-1-2-in-governors-race-poll/article_309868ce-1041-11ee-9eaa-f37bb09de5e6.html,"",,,9497,2023,Governor,0,,10/14/23,jungle primary,false,false,,IND,Lundy,30940,Hunter Lundy,4.0
83065,253,Kitchens,1998,Vantage Data House,The Kitchens Group,664,The Kitchens Group,B/C,Live Phone/Text,,Louisiana,6/12/23,6/15/23,,"",,174900,1600,lv,,lv,,6/21/23 19:17,"",https://www.nola.com/news/politics/jeff-landry-and-shawn-wilson-run-1-2-in-governors-race-poll/article_309868ce-1041-11ee-9eaa-f37bb09de5e6.html,"",,,9497,2023,Governor,0,,10/14/23,jungle primary,false,false,,REP,Schroder,29470,John M. Schroder,6.0
83065,253,Kitchens,1998,Vantage Data House,The Kitchens Group,664,The Kitchens Group,B/C,Live Phone/Text,,Louisiana,6/12/23,6/15/23,,"",,174900,1600,lv,,lv,,6/21/23 19:17,"",https://www.nola.com/news/politics/jeff-landry-and-shawn-wilson-run-1-2-in-governors-race-poll/article_309868ce-1041-11ee-9eaa-f37bb09de5e6.html,"",,,9497,2023,Governor,0,,10/14/23,jungle primary,false,false,,REP,Waguespack,30996,Stephen Waguespack,5.0
83065,253,Kitchens,1998,Vantage Data House,The Kitchens Group,664,The Kitchens Group,B/C,Live Phone/Text,,Louisiana,6/12/23,6/15/23,,"",,174900,1600,lv,,lv,,6/21/23 19:17,"",https://www.nola.com/news/politics/jeff-landry-and-shawn-wilson-run-1-2-in-governors-race-poll/article_309868ce-1041-11ee-9eaa-f37bb09de5e6.html,"",,,9497,2023,Governor,0,,10/14/23,jungle primary,false,false,,REP,Hewitt,29469,Sharon W. Hewitt,2.0
82972,1799,Opinion Diagnostics,"","",Opinion Diagnostics,769,Opinion Diagnostics,,IVR/Live Phone/Text-to-Web,,North Carolina,6/5/23,6/7/23,,"",,174234,902,lv,,lv,,6/9/23 10:04,"",https://www.opiniondiagnostics.com/nc-elections-and-policy-poll,"",,,9502,2024,Governor,0,,11/5/24,general,false,false,,DEM,Stein,30167,Joshua Harold Stein,38.1
82972,1799,Opinion Diagnostics,"","",Opinion Diagnostics,769,Opinion Diagnostics,,IVR/Live Phone/Text-to-Web,,North Carolina,6/5/23,6/7/23,,"",,174234,902,lv,,lv,,6/9/23 10:04,"",https://www.opiniondiagnostics.com/nc-elections-and-policy-poll,"",,,9502,2024,Governor,0,,11/5/24,general,false,false,,REP,Robinson,30168,Mark Keith Robinson,41.2
82928,1347,Cygnal,"","",Cygnal,67,Cygnal,A,IVR/Text,,Kentucky,5/22/23,5/23/23,,"",,174037,600,lv,,lv,,6/2/23 09:24,"",https://www.cygn.al/poll-kentucky-governor-and-ag-dead-heat-biden-deeply-underwater/,"",,,9550,2023,Governor,0,,11/7/23,general,false,false,,DEM,Beshear,30953,Andy Beshear,46.8
82928,1347,Cygnal,"","",Cygnal,67,Cygnal,A,IVR/Text,,Kentucky,5/22/23,5/23/23,,"",,174037,600,lv,,lv,,6/2/23 09:24,"",https://www.cygn.al/poll-kentucky-governor-and-ag-dead-heat-biden-deeply-underwater/,"",,,9550,2023,Governor,0,,11/7/23,general,false,false,,REP,Cameron,30950,Daniel Jay Cameron,46.7
82891,1347,Cygnal,1284,John Locke Foundation,Cygnal,67,Cygnal,A,,,North Carolina,5/21/23,5/23/23,,"",,173752,610,lv,,lv,,5/25/23 13:16,"",https://www.johnlocke.org/polls/robinson-and-stein-neck-and-neck-in-nc-governors-race/,"",,,9502,2024,Governor,0,,11/5/24,general,false,false,,DEM,Stein,30167,Joshua Harold Stein,39.4
82891,1347,Cygnal,1284,John Locke Foundation,Cygnal,67,Cygnal,A,,,North Carolina,5/21/23,5/23/23,,"",,173752,610,lv,,lv,,5/25/23 13:16,"",https://www.johnlocke.org/polls/robinson-and-stein-neck-and-neck-in-nc-governors-race/,"",,,9502,2024,Governor,0,,11/5/24,general,false,false,,REP,Folwell,31015,Dale Robbins Folwell,33.8
82891,1347,Cygnal,1284,John Locke Foundation,Cygnal,67,Cygnal,A,,,North Carolina,5/21/23,5/23/23,,"",,173753,610,lv,,lv,,5/25/23 13:16,"",https://www.johnlocke.org/polls/robinson-and-stein-neck-and-neck-in-nc-governors-race/,"",,,9502,2024,Governor,0,,11/5/24,general,false,false,,DEM,Stein,30167,Joshua Harold Stein,40.8
82891,1347,Cygnal,1284,John Locke Foundation,Cygnal,67,Cygnal,A,,,North Carolina,5/21/23,5/23/23,,"",,173753,610,lv,,lv,,5/25/23 13:16,"",https://www.johnlocke.org/polls/robinson-and-stein-neck-and-neck-in-nc-governors-race/,"",,,9502,2024,Governor,0,,11/5/24,general,false,false,,REP,Robinson,30168,Mark Keith Robinson,41.5
82891,1347,Cygnal,1284,John Locke Foundation,Cygnal,67,Cygnal,A,,,North Carolina,5/21/23,5/23/23,,"",,173754,610,lv,,lv,,5/25/23 13:16,"",https://www.johnlocke.org/polls/robinson-and-stein-neck-and-neck-in-nc-governors-race/,"",,,9502,2024,Governor,0,,11/5/24,general,false,false,,DEM,Stein,30167,Joshua Harold Stein,39.4
82891,1347,Cygnal,1284,John Locke Foundation,Cygnal,67,Cygnal,A,,,North Carolina,5/21/23,5/23/23,,"",,173754,610,lv,,lv,,5/25/23 13:16,"",https://www.johnlocke.org/polls/robinson-and-stein-neck-and-neck-in-nc-governors-race/,"",,,9502,2024,Governor,0,,11/5/24,general,false,false,,REP,Walker,31016,Mark Walker,36.8
82854,1497,co/efficient,"","",co/efficient,514,co/efficient,B+,,,Kentucky,5/18/23,5/19/23,30950,Daniel Jay Cameron,REP,173395,987,lv,,lv,,5/22/23 09:49,"",https://coefficient.org/kygov/,"",true,REP,9550,2023,Governor,0,,11/7/23,general,false,false,,DEM,Beshear,30953,Andy Beshear,45.0
82854,1497,co/efficient,"","",co/efficient,514,co/efficient,B+,,,Kentucky,5/18/23,5/19/23,30950,Daniel Jay Cameron,REP,173395,987,lv,,lv,,5/22/23 09:49,"",https://coefficient.org/kygov/,"",true,REP,9550,2023,Governor,0,,11/7/23,general,false,false,,REP,Cameron,30950,Daniel Jay Cameron,43.0
82890,1802,VoteTXT,1990,Nevada Newsmakers,VoteTXT,772,VoteTXT,,Text-to-Web,,Nevada,5/15/23,5/19/23,,"",,173748,412,rv,,rv,,5/25/23 11:15,"",http://nevadanewsmakers.com/survey/,"",,,10010,2026,Governor,0,,11/3/26,general,false,false,,DEM,Ford,31013,Aaron D. Ford,29.7
82890,1802,VoteTXT,1990,Nevada Newsmakers,VoteTXT,772,VoteTXT,,Text-to-Web,,Nevada,5/15/23,5/19/23,,"",,173748,412,rv,,rv,,5/25/23 11:15,"",http://nevadanewsmakers.com/survey/,"",,,10010,2026,Governor,0,,11/3/26,general,false,false,,REP,Lombardo,31014,Joe Lombardo,50.68
83036,1425,VCreek/AMG,1523,Americas PAC,VCreek/AMG,501,VCreek/AMG,B/C,Live Phone,,Louisiana,5/9/23,5/12/23,,"",,174702,400,lv,,lv,,6/20/23 09:57,"",https://www.vcreekamg.com/post/poll-louisiana-governor,"",,REP,9497,2023,Governor,0,,10/14/23,jungle primary,false,false,,DEM,Wilson,30938,Shawn Wilson,6.0
83036,1425,VCreek/AMG,1523,Americas PAC,VCreek/AMG,501,VCreek/AMG,B/C,Live Phone,,Louisiana,5/9/23,5/12/23,,"",,174702,400,lv,,lv,,6/20/23 09:57,"",https://www.vcreekamg.com/post/poll-louisiana-governor,"",,REP,9497,2023,Governor,0,,10/14/23,jungle primary,false,false,,REP,Landry,29465,Jeff Landry,35.0
83036,1425,VCreek/AMG,1523,Americas PAC,VCreek/AMG,501,VCreek/AMG,B/C,Live Phone,,Louisiana,5/9/23,5/12/23,,"",,174702,400,lv,,lv,,6/20/23 09:57,"",https://www.vcreekamg.com/post/poll-louisiana-governor,"",,REP,9497,2023,Governor,0,,10/14/23,jungle primary,false,false,,IND,Lundy,30940,Hunter Lundy,1.0
83036,1425,VCreek/AMG,1523,Americas PAC,VCreek/AMG,501,VCreek/AMG,B/C,Live Phone,,Louisiana,5/9/23,5/12/23,,"",,174702,400,lv,,lv,,6/20/23 09:57,"",https://www.vcreekamg.com/post/poll-louisiana-governor,"",,REP,9497,2023,Governor,0,,10/14/23,jungle primary,false,false,,REP,Schroder,29470,John M. Schroder,4.0
83036,1425,VCreek/AMG,1523,Americas PAC,VCreek/AMG,501,VCreek/AMG,B/C,Live Phone,,Louisiana,5/9/23,5/12/23,,"",,174702,400,lv,,lv,,6/20/23 09:57,"",https://www.vcreekamg.com/post/poll-louisiana-governor,"",,REP,9497,2023,Governor,0,,10/14/23,jungle primary,false,false,,REP,Nelson,30971,Richard Nelson,1.0
83036,1425,VCreek/AMG,1523,Americas PAC,VCreek/AMG,501,VCreek/AMG,B/C,Live Phone,,Louisiana,5/9/23,5/12/23,,"",,174702,400,lv,,lv,,6/20/23 09:57,"",https://www.vcreekamg.com/post/poll-louisiana-governor,"",,REP,9497,2023,Governor,0,,10/14/23,jungle primary,false,false,,REP,Hewitt,29469,Sharon W. Hewitt,1.0
83036,1425,VCreek/AMG,1523,Americas PAC,VCreek/AMG,501,VCreek/AMG,B/C,Live Phone,,Louisiana,5/9/23,5/12/23,,"",,174702,400,lv,,lv,,6/20/23 09:57,"",https://www.vcreekamg.com/post/poll-louisiana-governor,"",,REP,9497,2023,Governor,0,,10/14/23,jungle primary,false,false,,REP,Waguespack,30996,Stephen Waguespack,4.0
82783,1365,Change Research,1802,Carolina Forward,Change Research,48,Change Research,B-,Text-to-Web/Online Ad,,North Carolina,5/5/23,5/8/23,,"",,173021,802,lv,,lv,,5/10/23 09:23,"",https://carolinaforward.org/wp-content/uploads/2023/05/Carolina-Forward-May-2023-Poll-Report.pdf,"",,DEM,9502,2024,Governor,0,,11/5/24,general,false,false,,DEM,Stein,30167,Joshua Harold Stein,43.0
82783,1365,Change Research,1802,Carolina Forward,Change Research,48,Change Research,B-,Text-to-Web/Online Ad,,North Carolina,5/5/23,5/8/23,,"",,173021,802,lv,,lv,,5/10/23 09:23,"",https://carolinaforward.org/wp-content/uploads/2023/05/Carolina-Forward-May-2023-Poll-Report.pdf,"",,DEM,9502,2024,Governor,0,,11/5/24,general,false,false,,REP,Robinson,30168,Mark Keith Robinson,46.0
83137,1418,WPAi,2002,Protect Louisiana's Children,WPA Intelligence,383,WPA Intelligence,B/C,Live Phone,,Louisiana,4/30/23,5/2/23,,"",,175271,500,lv,,lv,,6/30/23 08:57,"",https://twitter.com/WPAIntel/status/1674435924900601856?s=20,"",,REP,9497,2023,Governor,0,,10/14/23,jungle primary,false,false,,DEM,Wilson,30938,Shawn Wilson,18.0
83137,1418,WPAi,2002,Protect Louisiana's Children,WPA Intelligence,383,WPA Intelligence,B/C,Live Phone,,Louisiana,4/30/23,5/2/23,,"",,175271,500,lv,,lv,,6/30/23 08:57,"",https://twitter.com/WPAIntel/status/1674435924900601856?s=20,"",,REP,9497,2023,Governor,0,,10/14/23,jungle primary,false,false,,REP,Landry,29465,Jeff Landry,32.0
83137,1418,WPAi,2002,Protect Louisiana's Children,WPA Intelligence,383,WPA Intelligence,B/C,Live Phone,,Louisiana,4/30/23,5/2/23,,"",,175271,500,lv,,lv,,6/30/23 08:57,"",https://twitter.com/WPAIntel/status/1674435924900601856?s=20,"",,REP,9497,2023,Governor,0,,10/14/23,jungle primary,false,false,,REP,Waguespack,30996,Stephen Waguespack,2.0
83137,1418,WPAi,2002,Protect Louisiana's Children,WPA Intelligence,383,WPA Intelligence,B/C,Live Phone,,Louisiana,4/30/23,5/2/23,,"",,175271,500,lv,,lv,,6/30/23 08:57,"",https://twitter.com/WPAIntel/status/1674435924900601856?s=20,"",,REP,9497,2023,Governor,0,,10/14/23,jungle primary,false,false,,REP,Schroder,29470,John M. Schroder,6.0
83137,1418,WPAi,2002,Protect Louisiana's Children,WPA Intelligence,383,WPA Intelligence,B/C,Live Phone,,Louisiana,4/30/23,5/2/23,,"",,175271,500,lv,,lv,,6/30/23 08:57,"",https://twitter.com/WPAIntel/status/1674435924900601856?s=20,"",,REP,9497,2023,Governor,0,,10/14/23,jungle primary,false,false,,IND,Lundy,30940,Hunter Lundy,2.0
83137,1418,WPAi,2002,Protect Louisiana's Children,WPA Intelligence,383,WPA Intelligence,B/C,Live Phone,,Louisiana,4/30/23,5/2/23,,"",,175271,500,lv,,lv,,6/30/23 08:57,"",https://twitter.com/WPAIntel/status/1674435924900601856?s=20,"",,REP,9497,2023,Governor,0,,10/14/23,jungle primary,false,false,,REP,Nelson,30971,Richard Nelson,1.0
83137,1418,WPAi,2002,Protect Louisiana's Children,WPA Intelligence,383,WPA Intelligence,B/C,Live Phone,,Louisiana,4/30/23,5/2/23,,"",,175271,500,lv,,lv,,6/30/23 08:57,"",https://twitter.com/WPAIntel/status/1674435924900601856?s=20,"",,REP,9497,2023,Governor,0,,10/14/23,jungle primary,false,false,,REP,Hewitt,29469,Sharon W. Hewitt,2.0
83137,1418,WPAi,2002,Protect Louisiana's Children,WPA Intelligence,383,WPA Intelligence,B/C,Live Phone,,Louisiana,4/30/23,5/2/23,,"",,175271,500,lv,,lv,,6/30/23 08:57,"",https://twitter.com/WPAIntel/status/1674435924900601856?s=20,"",,REP,9497,2023,Governor,0,,10/14/23,jungle primary,false,false,,IND,Istre,31037,Jeffrey Istre,1.0
82721,1718,Impact Research,"","",Impact Research,14,Impact Research,B/C,,,Mississippi,4/24/23,4/27/23,30948,Brandon E. Presley,DEM,172627,600,lv,,lv,,5/2/23 14:11,"",https://twitter.com/michbeyer/status/1653438964160659686,"",true,DEM,9551,2023,Governor,0,,11/7/23,general,false,false,,DEM,Presley,30948,Brandon E. Presley,44.0
82721,1718,Impact Research,"","",Impact Research,14,Impact Research,B/C,,,Mississippi,4/24/23,4/27/23,30948,Brandon E. Presley,DEM,172627,600,lv,,lv,,5/2/23 14:11,"",https://twitter.com/michbeyer/status/1653438964160659686,"",true,DEM,9551,2023,Governor,0,,11/7/23,general,false,false,,REP,Reeves,30949,Tate Reeves,47.0
82700,438,Siena,1955,Mississippi Today,Siena College,305,Siena College,A,Live Phone/Online Panel,,Mississippi,4/16/23,4/20/23,,"",,172515,783,rv,,rv,,4/28/23 09:39,"",https://mississippitoday.org/2023/04/28/governors-race-poll-brandon-presley-tate-reeves/,"",,,9551,2023,Governor,0,,11/7/23,general,false,false,,DEM,Presley,30948,Brandon E. Presley,38.0
82700,438,Siena,1955,Mississippi Today,Siena College,305,Siena College,A,Live Phone/Online Panel,,Mississippi,4/16/23,4/20/23,,"",,172515,783,rv,,rv,,4/28/23 09:39,"",https://mississippitoday.org/2023/04/28/governors-race-poll-brandon-presley-tate-reeves/,"",,,9551,2023,Governor,0,,11/7/23,general,false,false,,REP,Reeves,30949,Tate Reeves,49.0
82684,1418,WPAi,26,Club for Growth,WPA Intelligence,383,WPA Intelligence,B/C,Live Phone,,Louisiana,4/11/23,4/13/23,,"",,172389,500,lv,,lv,,4/26/23 09:57,"",https://www.scribd.com/document/640703251/Club-for-Growth-Polling-Memo,"",,REP,9497,2023,Governor,0,,10/14/23,jungle primary,false,false,,DEM,Wilson,30938,Shawn Wilson,18.0
82684,1418,WPAi,26,Club for Growth,WPA Intelligence,383,WPA Intelligence,B/C,Live Phone,,Louisiana,4/11/23,4/13/23,,"",,172389,500,lv,,lv,,4/26/23 09:57,"",https://www.scribd.com/document/640703251/Club-for-Growth-Polling-Memo,"",,REP,9497,2023,Governor,0,,10/14/23,jungle primary,false,false,,REP,Landry,29465,Jeff Landry,36.0
82684,1418,WPAi,26,Club for Growth,WPA Intelligence,383,WPA Intelligence,B/C,Live Phone,,Louisiana,4/11/23,4/13/23,,"",,172389,500,lv,,lv,,4/26/23 09:57,"",https://www.scribd.com/document/640703251/Club-for-Growth-Polling-Memo,"",,REP,9497,2023,Governor,0,,10/14/23,jungle primary,false,false,,REP,Schroder,29470,John M. Schroder,6.0
82684,1418,WPAi,26,Club for Growth,WPA Intelligence,383,WPA Intelligence,B/C,Live Phone,,Louisiana,4/11/23,4/13/23,,"",,172389,500,lv,,lv,,4/26/23 09:57,"",https://www.scribd.com/document/640703251/Club-for-Growth-Polling-Memo,"",,REP,9497,2023,Governor,0,,10/14/23,jungle primary,false,false,,REP,Hewitt,29469,Sharon W. Hewitt,3.0
82684,1418,WPAi,26,Club for Growth,WPA Intelligence,383,WPA Intelligence,B/C,Live Phone,,Louisiana,4/11/23,4/13/23,,"",,172389,500,lv,,lv,,4/26/23 09:57,"",https://www.scribd.com/document/640703251/Club-for-Growth-Polling-Memo,"",,REP,9497,2023,Governor,0,,10/14/23,jungle primary,false,false,,IND,Lundy,30940,Hunter Lundy,3.0
82684,1418,WPAi,26,Club for Growth,WPA Intelligence,383,WPA Intelligence,B/C,Live Phone,,Louisiana,4/11/23,4/13/23,,"",,172389,500,lv,,lv,,4/26/23 09:57,"",https://www.scribd.com/document/640703251/Club-for-Growth-Polling-Memo,"",,REP,9497,2023,Governor,0,,10/14/23,jungle primary,false,false,,REP,Waguespack,30996,Stephen Waguespack,2.0
82684,1418,WPAi,26,Club for Growth,WPA Intelligence,383,WPA Intelligence,B/C,Live Phone,,Louisiana,4/11/23,4/13/23,,"",,172389,500,lv,,lv,,4/26/23 09:57,"",https://www.scribd.com/document/640703251/Club-for-Growth-Polling-Memo,"",,REP,9497,2023,Governor,0,,10/14/23,jungle primary,false,false,,REP,Nelson,30971,Richard Nelson,1.0
83123,1056,Remington,2001,Reboot Louisiana,Remington Research Group,279,Remington Research Group,B,,,Louisiana,3/21/23,3/22/23,,"",,175202,502,lv,,lv,,6/29/23 09:10,"",https://www.rebootlapac.com/_files/ugd/47188a_31d833fb98dd4aa1b27e06cebed72de4.pdf,"",,REP,9497,2023,Governor,0,,10/14/23,jungle primary,false,false,,DEM,Wilson,30938,Shawn Wilson,30.0
83123,1056,Remington,2001,Reboot Louisiana,Remington Research Group,279,Remington Research Group,B,,,Louisiana,3/21/23,3/22/23,,"",,175202,502,lv,,lv,,6/29/23 09:10,"",https://www.rebootlapac.com/_files/ugd/47188a_31d833fb98dd4aa1b27e06cebed72de4.pdf,"",,REP,9497,2023,Governor,0,,10/14/23,jungle primary,false,false,,REP,Landry,29465,Jeff Landry,30.0
83123,1056,Remington,2001,Reboot Louisiana,Remington Research Group,279,Remington Research Group,B,,,Louisiana,3/21/23,3/22/23,,"",,175202,502,lv,,lv,,6/29/23 09:10,"",https://www.rebootlapac.com/_files/ugd/47188a_31d833fb98dd4aa1b27e06cebed72de4.pdf,"",,REP,9497,2023,Governor,0,,10/14/23,jungle primary,false,false,,REP,Schroder,29470,John M. Schroder,10.0
83123,1056,Remington,2001,Reboot Louisiana,Remington Research Group,279,Remington Research Group,B,,,Louisiana,3/21/23,3/22/23,,"",,175202,502,lv,,lv,,6/29/23 09:10,"",https://www.rebootlapac.com/_files/ugd/47188a_31d833fb98dd4aa1b27e06cebed72de4.pdf,"",,REP,9497,2023,Governor,0,,10/14/23,jungle primary,false,false,,REP,Hewitt,29469,Sharon W. Hewitt,4.0
83123,1056,Remington,2001,Reboot Louisiana,Remington Research Group,279,Remington Research Group,B,,,Louisiana,3/21/23,3/22/23,,"",,175202,502,lv,,lv,,6/29/23 09:10,"",https://www.rebootlapac.com/_files/ugd/47188a_31d833fb98dd4aa1b27e06cebed72de4.pdf,"",,REP,9497,2023,Governor,0,,10/14/23,jungle primary,false,false,,REP,Waguespack,30996,Stephen Waguespack,2.0
83123,1056,Remington,2001,Reboot Louisiana,Remington Research Group,279,Remington Research Group,B,,,Louisiana,3/21/23,3/22/23,,"",,175202,502,lv,,lv,,6/29/23 09:10,"",https://www.rebootlapac.com/_files/ugd/47188a_31d833fb98dd4aa1b27e06cebed72de4.pdf,"",,REP,9497,2023,Governor,0,,10/14/23,jungle primary,false,false,,REP,Nelson,30971,Richard Nelson,1.0
83123,1056,Remington,2001,Reboot Louisiana,Remington Research Group,279,Remington Research Group,B,,,Louisiana,3/21/23,3/22/23,,"",,175202,502,lv,,lv,,6/29/23 09:10,"",https://www.rebootlapac.com/_files/ugd/47188a_31d833fb98dd4aa1b27e06cebed72de4.pdf,"",,REP,9497,2023,Governor,0,,10/14/23,jungle primary,false,false,,IND,Lundy,30940,Hunter Lundy,4.0
82395,289,Mason-Dixon,1974,Magnolia Tribune,Mason-Dixon Polling & Strategy,197,Mason-Dixon Polling & Strategy,A-,Live Phone,,Mississippi,3/6/23,3/9/23,,"",,170791,625,lv,,lv,,3/16/23 10:30,"",https://magnoliatribune.com/2023/03/16/magnolia-tribune-mason-dixon-poll-reeves-up-7/,"",,,9551,2023,Governor,0,,11/7/23,general,false,false,,DEM,Presley,30948,Brandon E. Presley,39.0
82395,289,Mason-Dixon,1974,Magnolia Tribune,Mason-Dixon Polling & Strategy,197,Mason-Dixon Polling & Strategy,A-,Live Phone,,Mississippi,3/6/23,3/9/23,,"",,170791,625,lv,,lv,,3/16/23 10:30,"",https://magnoliatribune.com/2023/03/16/magnolia-tribune-mason-dixon-poll-reeves-up-7/,"",,,9551,2023,Governor,0,,11/7/23,general,false,false,,REP,Reeves,30949,Tate Reeves,46.0
82374,621,JMC Analytics,"","",JMC Analytics,156,JMC Analytics,B/C,Live Phone/Text,,Louisiana,3/6/23,3/8/23,30970,John Belton,NPA,170663,600,lv,,lv,,3/15/23 10:13,"",https://www.theadvertiser.com/story/news/2023/03/15/new-poll-released-for-louisiana-governor-race-shows-shawn-wilson-jeff-landry-far-in-front/70009657007/,"",,NPA,9497,2023,Governor,0,,10/14/23,jungle primary,false,false,,DEM,Wilson,30938,Shawn Wilson,29.0
82374,621,JMC Analytics,"","",JMC Analytics,156,JMC Analytics,B/C,Live Phone/Text,,Louisiana,3/6/23,3/8/23,30970,John Belton,NPA,170663,600,lv,,lv,,3/15/23 10:13,"",https://www.theadvertiser.com/story/news/2023/03/15/new-poll-released-for-louisiana-governor-race-shows-shawn-wilson-jeff-landry-far-in-front/70009657007/,"",,NPA,9497,2023,Governor,0,,10/14/23,jungle primary,false,false,,REP,Landry,29465,Jeff Landry,28.0
82374,621,JMC Analytics,"","",JMC Analytics,156,JMC Analytics,B/C,Live Phone/Text,,Louisiana,3/6/23,3/8/23,30970,John Belton,NPA,170663,600,lv,,lv,,3/15/23 10:13,"",https://www.theadvertiser.com/story/news/2023/03/15/new-poll-released-for-louisiana-governor-race-shows-shawn-wilson-jeff-landry-far-in-front/70009657007/,"",,NPA,9497,2023,Governor,0,,10/14/23,jungle primary,false,false,,REP,Graves,30939,Garret Graves,12.0
82374,621,JMC Analytics,"","",JMC Analytics,156,JMC Analytics,B/C,Live Phone/Text,,Louisiana,3/6/23,3/8/23,30970,John Belton,NPA,170663,600,lv,,lv,,3/15/23 10:13,"",https://www.theadvertiser.com/story/news/2023/03/15/new-poll-released-for-louisiana-governor-race-shows-shawn-wilson-jeff-landry-far-in-front/70009657007/,"",,NPA,9497,2023,Governor,0,,10/14/23,jungle primary,false,false,,REP,Schroder,29470,John M. Schroder,3.0
82374,621,JMC Analytics,"","",JMC Analytics,156,JMC Analytics,B/C,Live Phone/Text,,Louisiana,3/6/23,3/8/23,30970,John Belton,NPA,170663,600,lv,,lv,,3/15/23 10:13,"",https://www.theadvertiser.com/story/news/2023/03/15/new-poll-released-for-louisiana-governor-race-shows-shawn-wilson-jeff-landry-far-in-front/70009657007/,"",,NPA,9497,2023,Governor,0,,10/14/23,jungle primary,false,false,,IND,Lundy,30940,Hunter Lundy,3.0
82374,621,JMC Analytics,"","",JMC Analytics,156,JMC Analytics,B/C,Live Phone/Text,,Louisiana,3/6/23,3/8/23,30970,John Belton,NPA,170663,600,lv,,lv,,3/15/23 10:13,"",https://www.theadvertiser.com/story/news/2023/03/15/new-poll-released-for-louisiana-governor-race-shows-shawn-wilson-jeff-landry-far-in-front/70009657007/,"",,NPA,9497,2023,Governor,0,,10/14/23,jungle primary,false,false,,REP,Hewitt,29469,Sharon W. Hewitt,2.0
82374,621,JMC Analytics,"","",JMC Analytics,156,JMC Analytics,B/C,Live Phone/Text,,Louisiana,3/6/23,3/8/23,30970,John Belton,NPA,170663,600,lv,,lv,,3/15/23 10:13,"",https://www.theadvertiser.com/story/news/2023/03/15/new-poll-released-for-louisiana-governor-race-shows-shawn-wilson-jeff-landry-far-in-front/70009657007/,"",,NPA,9497,2023,Governor,0,,10/14/23,jungle primary,false,false,,REP,Nelson,30971,Richard Nelson,1.0
82314,383,PPP,1802,Carolina Forward,Public Policy Polling,263,Public Policy Polling,A-,IVR/Text,,North Carolina,3/2/23,3/3/23,,"",,169636,704,rv,,rv,,3/6/23 11:11,"",https://carolinaforward.org/blog/carolina-forward-poll-march-2023/,"",,DEM,9502,2024,Governor,0,,11/5/24,general,false,false,,DEM,Stein,30167,Joshua Harold Stein,42.0
82314,383,PPP,1802,Carolina Forward,Public Policy Polling,263,Public Policy Polling,A-,IVR/Text,,North Carolina,3/2/23,3/3/23,,"",,169636,704,rv,,rv,,3/6/23 11:11,"",https://carolinaforward.org/blog/carolina-forward-poll-march-2023/,"",,DEM,9502,2024,Governor,0,,11/5/24,general,false,false,,REP,Robinson,30168,Mark Keith Robinson,44.0
82263,460,SurveyUSA,1971,Put Louisiana First,SurveyUSA,325,SurveyUSA,A+,,,Louisiana,1/26/23,2/1/23,,"",,169346,662,lv,,lv,,2/25/23 17:10,"",https://www.nola.com/news/politics/donald-trumps-political-dominance-waning-in-louisiana/article_15f3fd0a-b39c-11ed-8340-4b2fac1760a6.html,"",,REP,9497,2023,Governor,0,,10/14/23,jungle primary,false,false,,DEM,Chambers,30967,Gary Chambers,20.0
82263,460,SurveyUSA,1971,Put Louisiana First,SurveyUSA,325,SurveyUSA,A+,,,Louisiana,1/26/23,2/1/23,,"",,169346,662,lv,,lv,,2/25/23 17:10,"",https://www.nola.com/news/politics/donald-trumps-political-dominance-waning-in-louisiana/article_15f3fd0a-b39c-11ed-8340-4b2fac1760a6.html,"",,REP,9497,2023,Governor,0,,10/14/23,jungle primary,false,false,,REP,Landry,29465,Jeff Landry,23.0
82263,460,SurveyUSA,1971,Put Louisiana First,SurveyUSA,325,SurveyUSA,A+,,,Louisiana,1/26/23,2/1/23,,"",,169346,662,lv,,lv,,2/25/23 17:10,"",https://www.nola.com/news/politics/donald-trumps-political-dominance-waning-in-louisiana/article_15f3fd0a-b39c-11ed-8340-4b2fac1760a6.html,"",,REP,9497,2023,Governor,0,,10/14/23,jungle primary,false,false,,REP,Cassidy,29466,Bill Cassidy,17.0
82263,460,SurveyUSA,1971,Put Louisiana First,SurveyUSA,325,SurveyUSA,A+,,,Louisiana,1/26/23,2/1/23,,"",,169346,662,lv,,lv,,2/25/23 17:10,"",https://www.nola.com/news/politics/donald-trumps-political-dominance-waning-in-louisiana/article_15f3fd0a-b39c-11ed-8340-4b2fac1760a6.html,"",,REP,9497,2023,Governor,0,,10/14/23,jungle primary,false,false,,REP,Graves,30939,Garret Graves,12.0
82263,460,SurveyUSA,1971,Put Louisiana First,SurveyUSA,325,SurveyUSA,A+,,,Louisiana,1/26/23,2/1/23,,"",,169346,662,lv,,lv,,2/25/23 17:10,"",https://www.nola.com/news/politics/donald-trumps-political-dominance-waning-in-louisiana/article_15f3fd0a-b39c-11ed-8340-4b2fac1760a6.html,"",,REP,9497,2023,Governor,0,,10/14/23,jungle primary,false,false,,DEM,Bernhardt,30968,Katie Bernhardt,11.0
82263,460,SurveyUSA,1971,Put Louisiana First,SurveyUSA,325,SurveyUSA,A+,,,Louisiana,1/26/23,2/1/23,,"",,169346,662,lv,,lv,,2/25/23 17:10,"",https://www.nola.com/news/politics/donald-trumps-political-dominance-waning-in-louisiana/article_15f3fd0a-b39c-11ed-8340-4b2fac1760a6.html,"",,REP,9497,2023,Governor,0,,10/14/23,jungle primary,false,false,,REP,Schroder,29470,John M. Schroder,5.0
82263,460,SurveyUSA,1971,Put Louisiana First,SurveyUSA,325,SurveyUSA,A+,,,Louisiana,1/26/23,2/1/23,,"",,169346,662,lv,,lv,,2/25/23 17:10,"",https://www.nola.com/news/politics/donald-trumps-political-dominance-waning-in-louisiana/article_15f3fd0a-b39c-11ed-8340-4b2fac1760a6.html,"",,REP,9497,2023,Governor,0,,10/14/23,jungle primary,false,false,,DEM,Wilson,30938,Shawn Wilson,4.0
82263,460,SurveyUSA,1971,Put Louisiana First,SurveyUSA,325,SurveyUSA,A+,,,Louisiana,1/26/23,2/1/23,,"",,169346,662,lv,,lv,,2/25/23 17:10,"",https://www.nola.com/news/politics/donald-trumps-political-dominance-waning-in-louisiana/article_15f3fd0a-b39c-11ed-8340-4b2fac1760a6.html,"",,REP,9497,2023,Governor,0,,10/14/23,jungle primary,false,false,,REP,Hewitt,29469,Sharon W. Hewitt,5.0
82263,460,SurveyUSA,1971,Put Louisiana First,SurveyUSA,325,SurveyUSA,A+,,,Louisiana,1/26/23,2/1/23,,"",,169346,662,lv,,lv,,2/25/23 17:10,"",https://www.nola.com/news/politics/donald-trumps-political-dominance-waning-in-louisiana/article_15f3fd0a-b39c-11ed-8340-4b2fac1760a6.html,"",,REP,9497,2023,Governor,0,,10/14/23,jungle primary,false,false,,IND,Lundy,30940,Hunter Lundy,3.0
82263,460,SurveyUSA,1971,Put Louisiana First,SurveyUSA,325,SurveyUSA,A+,,,Louisiana,1/26/23,2/1/23,,"",,169347,662,lv,,lv,,2/25/23 17:10,"",https://www.nola.com/news/politics/donald-trumps-political-dominance-waning-in-louisiana/article_15f3fd0a-b39c-11ed-8340-4b2fac1760a6.html,"",,REP,10003,2023,Governor,0,,,runoff,false,false,,REP,Landry,29465,Jeff Landry,56.0
82263,460,SurveyUSA,1971,Put Louisiana First,SurveyUSA,325,SurveyUSA,A+,,,Louisiana,1/26/23,2/1/23,,"",,169347,662,lv,,lv,,2/25/23 17:10,"",https://www.nola.com/news/politics/donald-trumps-political-dominance-waning-in-louisiana/article_15f3fd0a-b39c-11ed-8340-4b2fac1760a6.html,"",,REP,10003,2023,Governor,0,,,runoff,false,false,,REP,Cassidy,29466,Bill Cassidy,44.0
82263,460,SurveyUSA,1971,Put Louisiana First,SurveyUSA,325,SurveyUSA,A+,,,Louisiana,1/26/23,2/1/23,,"",,169348,662,lv,,lv,,2/25/23 17:10,"",https://www.nola.com/news/politics/donald-trumps-political-dominance-waning-in-louisiana/article_15f3fd0a-b39c-11ed-8340-4b2fac1760a6.html,"",,REP,10003,2023,Governor,0,,,runoff,false,false,,REP,Landry,29465,Jeff Landry,64.0
82263,460,SurveyUSA,1971,Put Louisiana First,SurveyUSA,325,SurveyUSA,A+,,,Louisiana,1/26/23,2/1/23,,"",,169348,662,lv,,lv,,2/25/23 17:10,"",https://www.nola.com/news/politics/donald-trumps-political-dominance-waning-in-louisiana/article_15f3fd0a-b39c-11ed-8340-4b2fac1760a6.html,"",,REP,10003,2023,Governor,0,,,runoff,false,false,,REP,Graves,30939,Garret Graves,36.0
82182,495,Tulchin Research,1968,Southern Poverty Law Center Action Fund,Tulchin Research,340,Tulchin Research,B/C,,,Mississippi,1/21/23,1/25/23,,"",,168780,500,lv,,lv,,2/13/23 09:29,"",https://mississippitoday.org/2023/02/13/tate-reeves-brandon-presley-governor-welfare/,"",,DEM,9551,2023,Governor,0,,11/7/23,general,false,false,,DEM,Presley,30948,Brandon E. Presley,47.0
82182,495,Tulchin Research,1968,Southern Poverty Law Center Action Fund,Tulchin Research,340,Tulchin Research,B/C,,,Mississippi,1/21/23,1/25/23,,"",,168780,500,lv,,lv,,2/13/23 09:29,"",https://mississippitoday.org/2023/02/13/tate-reeves-brandon-presley-governor-welfare/,"",,DEM,9551,2023,Governor,0,,11/7/23,general,false,false,,REP,Reeves,30949,Tate Reeves,43.0
82051,289,Mason-Dixon,"","",Mason-Dixon Polling & Strategy,197,Mason-Dixon Polling & Strategy,A-,Live Phone,,Kentucky,1/18/23,1/23/23,,"",,167564,625,rv,,rv,,1/26/23 09:26,"",https://www.scribd.com/document/621928600/KY123Poll#,"",,,9550,2023,Governor,0,,11/7/23,general,false,false,,DEM,Beshear,30953,Andy Beshear,49.0
82051,289,Mason-Dixon,"","",Mason-Dixon Polling & Strategy,197,Mason-Dixon Polling & Strategy,A-,Live Phone,,Kentucky,1/18/23,1/23/23,,"",,167564,625,rv,,rv,,1/26/23 09:26,"",https://www.scribd.com/document/621928600/KY123Poll#,"",,,9550,2023,Governor,0,,11/7/23,general,false,false,,REP,Cameron,30950,Daniel Jay Cameron,40.0
82051,289,Mason-Dixon,"","",Mason-Dixon Polling & Strategy,197,Mason-Dixon Polling & Strategy,A-,Live Phone,,Kentucky,1/18/23,1/23/23,,"",,167565,625,rv,,rv,,1/26/23 09:26,"",https://www.scribd.com/document/621928600/KY123Poll#,"",,,9550,2023,Governor,0,,11/7/23,general,false,false,,DEM,Beshear,30953,Andy Beshear,57.0
82051,289,Mason-Dixon,"","",Mason-Dixon Polling & Strategy,197,Mason-Dixon Polling & Strategy,A-,Live Phone,,Kentucky,1/18/23,1/23/23,,"",,167565,625,rv,,rv,,1/26/23 09:26,"",https://www.scribd.com/document/621928600/KY123Poll#,"",,,9550,2023,Governor,0,,11/7/23,general,false,false,,REP,Craft,30954,Kelly Knight Craft,32.0
82051,289,Mason-Dixon,"","",Mason-Dixon Polling & Strategy,197,Mason-Dixon Polling & Strategy,A-,Live Phone,,Kentucky,1/18/23,1/23/23,,"",,167566,625,rv,,rv,,1/26/23 09:27,"",https://www.scribd.com/document/621928600/KY123Poll#,"",,,9550,2023,Governor,0,,11/7/23,general,false,false,,DEM,Beshear,30953,Andy Beshear,52.0
82051,289,Mason-Dixon,"","",Mason-Dixon Polling & Strategy,197,Mason-Dixon Polling & Strategy,A-,Live Phone,,Kentucky,1/18/23,1/23/23,,"",,167566,625,rv,,rv,,1/26/23 09:27,"",https://www.scribd.com/document/621928600/KY123Poll#,"",,,9550,2023,Governor,0,,11/7/23,general,false,false,,REP,Quarles,30955,Ryan Quarles,35.0
82051,289,Mason-Dixon,"","",Mason-Dixon Polling & Strategy,197,Mason-Dixon Polling & Strategy,A-,Live Phone,,Kentucky,1/18/23,1/23/23,,"",,167567,625,rv,,rv,,1/26/23 09:27,"",https://www.scribd.com/document/621928600/KY123Poll#,"",,,9550,2023,Governor,0,,11/7/23,general,false,false,,DEM,Beshear,30953,Andy Beshear,53.0
82051,289,Mason-Dixon,"","",Mason-Dixon Polling & Strategy,197,Mason-Dixon Polling & Strategy,A-,Live Phone,,Kentucky,1/18/23,1/23/23,,"",,167567,625,rv,,rv,,1/26/23 09:27,"",https://www.scribd.com/document/621928600/KY123Poll#,"",,,9550,2023,Governor,0,,11/7/23,general,false,false,,REP,Harmon,30956,Mike Harmon,33.0
82054,1761,Differentiators,"1961,1962",North Carolina Faith & Freedom Coalition | NC Values Coalition,Differentiators,741,Differentiators,,Live Phone/Text-to-Web,,North Carolina,1/9/23,1/12/23,,"",,167635,500,lv,,lv,,1/26/23 10:07,"",https://ncvalues.org/pr-robinson-narrowly-leads-stein-desantis-over-biden-trump/,"",,REP,9502,2024,Governor,0,,11/5/24,general,false,false,,DEM,Stein,30167,Joshua Harold Stein,41.6
82054,1761,Differentiators,"1961,1962",North Carolina Faith & Freedom Coalition | NC Values Coalition,Differentiators,741,Differentiators,,Live Phone/Text-to-Web,,North Carolina,1/9/23,1/12/23,,"",,167635,500,lv,,lv,,1/26/23 10:07,"",https://ncvalues.org/pr-robinson-narrowly-leads-stein-desantis-over-biden-trump/,"",,REP,9502,2024,Governor,0,,11/5/24,general,false,false,,REP,Robinson,30168,Mark Keith Robinson,42.4
81986,438,Siena,1955,Mississippi Today,Siena College,305,Siena College,A,Live Phone/Online Panel,,Mississippi,1/8/23,1/12/23,,"",,167274,821,rv,,rv,,1/19/23 09:18,"",https://mississippitoday.org/2023/01/19/tate-reeves-poll-want-new-governor/,"",,,9551,2023,Governor,0,,11/7/23,general,false,false,,DEM,Presley,30948,Brandon E. Presley,39.0
81986,438,Siena,1955,Mississippi Today,Siena College,305,Siena College,A,Live Phone/Online Panel,,Mississippi,1/8/23,1/12/23,,"",,167274,821,rv,,rv,,1/19/23 09:18,"",https://mississippitoday.org/2023/01/19/tate-reeves-poll-want-new-governor/,"",,,9551,2023,Governor,0,,11/7/23,general,false,false,,REP,Reeves,30949,Tate Reeves,43.0
82722,1718,Impact Research,"","",Impact Research,14,Impact Research,B/C,,,Mississippi,12/12/22,12/15/22,30948,Brandon E. Presley,DEM,172628,600,lv,,lv,,5/2/23 14:20,"",https://twitter.com/michbeyer/status/1653438964160659686,"",true,DEM,9551,2023,Governor,0,,11/7/23,general,false,false,,DEM,Presley,30948,Brandon E. Presley,42.0
82722,1718,Impact Research,"","",Impact Research,14,Impact Research,B/C,,,Mississippi,12/12/22,12/15/22,30948,Brandon E. Presley,DEM,172628,600,lv,,lv,,5/2/23 14:20,"",https://twitter.com/michbeyer/status/1653438964160659686,"",true,DEM,9551,2023,Governor,0,,11/7/23,general,false,false,,REP,Reeves,30949,Tate Reeves,49.0
81941,1766,BDPC,"","",BDPC,746,BDPC,,Live Phone,,Louisiana,12/7/22,12/13/22,29467,William Harold Nungesser,REP,166973,603,lv,,lv,,1/6/23 11:32,"",https://img1.wsimg.com/blobby/go/041be2de-f201-4902-9fe7-94d19a6a9a42/343.pdf,"",true,REP,9497,2023,Governor,0,,10/14/23,jungle primary,false,false,,DEM,Wilson,30938,Shawn Wilson,23.0
81941,1766,BDPC,"","",BDPC,746,BDPC,,Live Phone,,Louisiana,12/7/22,12/13/22,29467,William Harold Nungesser,REP,166973,603,lv,,lv,,1/6/23 11:32,"",https://img1.wsimg.com/blobby/go/041be2de-f201-4902-9fe7-94d19a6a9a42/343.pdf,"",true,REP,9497,2023,Governor,0,,10/14/23,jungle primary,false,false,,REP,Landry,29465,Jeff Landry,22.0
81941,1766,BDPC,"","",BDPC,746,BDPC,,Live Phone,,Louisiana,12/7/22,12/13/22,29467,William Harold Nungesser,REP,166973,603,lv,,lv,,1/6/23 11:32,"",https://img1.wsimg.com/blobby/go/041be2de-f201-4902-9fe7-94d19a6a9a42/343.pdf,"",true,REP,9497,2023,Governor,0,,10/14/23,jungle primary,false,false,,REP,Nungesser,29467,William Harold Nungesser,23.0
81941,1766,BDPC,"","",BDPC,746,BDPC,,Live Phone,,Louisiana,12/7/22,12/13/22,29467,William Harold Nungesser,REP,166973,603,lv,,lv,,1/6/23 11:32,"",https://img1.wsimg.com/blobby/go/041be2de-f201-4902-9fe7-94d19a6a9a42/343.pdf,"",true,REP,9497,2023,Governor,0,,10/14/23,jungle primary,false,false,,REP,Hewitt,29469,Sharon W. Hewitt,3.0
81941,1766,BDPC,"","",BDPC,746,BDPC,,Live Phone,,Louisiana,12/7/22,12/13/22,29467,William Harold Nungesser,REP,166973,603,lv,,lv,,1/6/23 11:32,"",https://img1.wsimg.com/blobby/go/041be2de-f201-4902-9fe7-94d19a6a9a42/343.pdf,"",true,REP,9497,2023,Governor,0,,10/14/23,jungle primary,false,false,,IND,Lundy,30940,Hunter Lundy,2.0
81941,1766,BDPC,"","",BDPC,746,BDPC,,Live Phone,,Louisiana,12/7/22,12/13/22,29467,William Harold Nungesser,REP,166973,603,lv,,lv,,1/6/23 11:32,"",https://img1.wsimg.com/blobby/go/041be2de-f201-4902-9fe7-94d19a6a9a42/343.pdf,"",true,REP,9497,2023,Governor,0,,10/14/23,jungle primary,false,false,,REP,Schroder,29470,John M. Schroder,2.0
81940,1765,Torchlight Strategies,"","",Torchlight Strategies,745,Torchlight Strategies,,Live Phone/Text-to-Web,,Louisiana,12/6/22,12/9/22,29464,John Kennedy,REP,166970,861,lv,,lv,,1/6/23 11:32,"",https://drive.google.com/file/d/17dHwblMvg0oGcw0hev6FErpX_qFBGbc_/view,"",true,REP,9497,2023,Governor,0,,10/14/23,jungle primary,false,false,,DEM,Wilson,30938,Shawn Wilson,22.4
81940,1765,Torchlight Strategies,"","",Torchlight Strategies,745,Torchlight Strategies,,Live Phone/Text-to-Web,,Louisiana,12/6/22,12/9/22,29464,John Kennedy,REP,166970,861,lv,,lv,,1/6/23 11:32,"",https://drive.google.com/file/d/17dHwblMvg0oGcw0hev6FErpX_qFBGbc_/view,"",true,REP,9497,2023,Governor,0,,10/14/23,jungle primary,false,false,,REP,Kennedy,29464,John Kennedy,42.1
81940,1765,Torchlight Strategies,"","",Torchlight Strategies,745,Torchlight Strategies,,Live Phone/Text-to-Web,,Louisiana,12/6/22,12/9/22,29464,John Kennedy,REP,166970,861,lv,,lv,,1/6/23 11:32,"",https://drive.google.com/file/d/17dHwblMvg0oGcw0hev6FErpX_qFBGbc_/view,"",true,REP,9497,2023,Governor,0,,10/14/23,jungle primary,false,false,,REP,Landry,29465,Jeff Landry,14.3
81940,1765,Torchlight Strategies,"","",Torchlight Strategies,745,Torchlight Strategies,,Live Phone/Text-to-Web,,Louisiana,12/6/22,12/9/22,29464,John Kennedy,REP,166971,861,lv,,lv,,1/6/23 11:32,"",https://drive.google.com/file/d/17dHwblMvg0oGcw0hev6FErpX_qFBGbc_/view,"",true,REP,10003,2023,Governor,0,,,runoff,false,false,,REP,Kennedy,29464,John Kennedy,45.8
81940,1765,Torchlight Strategies,"","",Torchlight Strategies,745,Torchlight Strategies,,Live Phone/Text-to-Web,,Louisiana,12/6/22,12/9/22,29464,John Kennedy,REP,166971,861,lv,,lv,,1/6/23 11:32,"",https://drive.google.com/file/d/17dHwblMvg0oGcw0hev6FErpX_qFBGbc_/view,"",true,REP,10003,2023,Governor,0,,,runoff,false,false,,REP,Landry,29465,Jeff Landry,20.5
81940,1765,Torchlight Strategies,"","",Torchlight Strategies,745,Torchlight Strategies,,Live Phone/Text-to-Web,,Louisiana,12/6/22,12/9/22,29464,John Kennedy,REP,166972,861,lv,,lv,,1/6/23 11:32,"",https://drive.google.com/file/d/17dHwblMvg0oGcw0hev6FErpX_qFBGbc_/view,"",true,REP,10003,2023,Governor,0,,,runoff,false,false,,DEM,Wilson,30938,Shawn Wilson,27.3
81940,1765,Torchlight Strategies,"","",Torchlight Strategies,745,Torchlight Strategies,,Live Phone/Text-to-Web,,Louisiana,12/6/22,12/9/22,29464,John Kennedy,REP,166972,861,lv,,lv,,1/6/23 11:32,"",https://drive.google.com/file/d/17dHwblMvg0oGcw0hev6FErpX_qFBGbc_/view,"",true,REP,10003,2023,Governor,0,,,runoff,false,false,,REP,Kennedy,29464,John Kennedy,57.9
81939,1765,Torchlight Strategies,"","",Torchlight Strategies,745,Torchlight Strategies,,Live Phone/Text-to-Web,,Louisiana,11/9/22,11/12/22,29464,John Kennedy,REP,166968,800,lv,,lv,,1/6/23 11:31,"",https://www.politico.com/f/?id=00000184-7693-d7f7-a79c-ff9fc4f30000,"",true,REP,9497,2023,Governor,0,,10/14/23,jungle primary,false,false,,DEM,Wilson,30938,Shawn Wilson,18.2
81939,1765,Torchlight Strategies,"","",Torchlight Strategies,745,Torchlight Strategies,,Live Phone/Text-to-Web,,Louisiana,11/9/22,11/12/22,29464,John Kennedy,REP,166968,800,lv,,lv,,1/6/23 11:31,"",https://www.politico.com/f/?id=00000184-7693-d7f7-a79c-ff9fc4f30000,"",true,REP,9497,2023,Governor,0,,10/14/23,jungle primary,false,false,,REP,Kennedy,29464,John Kennedy,21.7
81939,1765,Torchlight Strategies,"","",Torchlight Strategies,745,Torchlight Strategies,,Live Phone/Text-to-Web,,Louisiana,11/9/22,11/12/22,29464,John Kennedy,REP,166968,800,lv,,lv,,1/6/23 11:31,"",https://www.politico.com/f/?id=00000184-7693-d7f7-a79c-ff9fc4f30000,"",true,REP,9497,2023,Governor,0,,10/14/23,jungle primary,false,false,,REP,Landry,29465,Jeff Landry,12.8
81939,1765,Torchlight Strategies,"","",Torchlight Strategies,745,Torchlight Strategies,,Live Phone/Text-to-Web,,Louisiana,11/9/22,11/12/22,29464,John Kennedy,REP,166968,800,lv,,lv,,1/6/23 11:31,"",https://www.politico.com/f/?id=00000184-7693-d7f7-a79c-ff9fc4f30000,"",true,REP,9497,2023,Governor,0,,10/14/23,jungle primary,false,false,,REP,Nungesser,29467,William Harold Nungesser,6.9
81939,1765,Torchlight Strategies,"","",Torchlight Strategies,745,Torchlight Strategies,,Live Phone/Text-to-Web,,Louisiana,11/9/22,11/12/22,29464,John Kennedy,REP,166968,800,lv,,lv,,1/6/23 11:31,"",https://www.politico.com/f/?id=00000184-7693-d7f7-a79c-ff9fc4f30000,"",true,REP,9497,2023,Governor,0,,10/14/23,jungle primary,false,false,,REP,Cassidy,29466,Bill Cassidy,5.8
81939,1765,Torchlight Strategies,"","",Torchlight Strategies,745,Torchlight Strategies,,Live Phone/Text-to-Web,,Louisiana,11/9/22,11/12/22,29464,John Kennedy,REP,166968,800,lv,,lv,,1/6/23 11:31,"",https://www.politico.com/f/?id=00000184-7693-d7f7-a79c-ff9fc4f30000,"",true,REP,9497,2023,Governor,0,,10/14/23,jungle primary,false,false,,REP,Graves,30939,Garret Graves,5.3
81939,1765,Torchlight Strategies,"","",Torchlight Strategies,745,Torchlight Strategies,,Live Phone/Text-to-Web,,Louisiana,11/9/22,11/12/22,29464,John Kennedy,REP,166968,800,lv,,lv,,1/6/23 11:31,"",https://www.politico.com/f/?id=00000184-7693-d7f7-a79c-ff9fc4f30000,"",true,REP,9497,2023,Governor,0,,10/14/23,jungle primary,false,false,,REP,Hewitt,29469,Sharon W. Hewitt,0.3
81939,1765,Torchlight Strategies,"","",Torchlight Strategies,745,Torchlight Strategies,,Live Phone/Text-to-Web,,Louisiana,11/9/22,11/12/22,29464,John Kennedy,REP,166968,800,lv,,lv,,1/6/23 11:31,"",https://www.politico.com/f/?id=00000184-7693-d7f7-a79c-ff9fc4f30000,"",true,REP,9497,2023,Governor,0,,10/14/23,jungle primary,false,false,,REP,Schroder,29470,John M. Schroder,0.6
81939,1765,Torchlight Strategies,"","",Torchlight Strategies,745,Torchlight Strategies,,Live Phone/Text-to-Web,,Louisiana,11/9/22,11/12/22,29464,John Kennedy,REP,166968,800,lv,,lv,,1/6/23 11:31,"",https://www.politico.com/f/?id=00000184-7693-d7f7-a79c-ff9fc4f30000,"",true,REP,9497,2023,Governor,0,,10/14/23,jungle primary,false,false,,IND,Lundy,30940,Hunter Lundy,2.3
81939,1765,Torchlight Strategies,"","",Torchlight Strategies,745,Torchlight Strategies,,Live Phone/Text-to-Web,,Louisiana,11/9/22,11/12/22,29464,John Kennedy,REP,166969,800,lv,,lv,,1/6/23 11:32,"",https://www.politico.com/f/?id=00000184-7693-d7f7-a79c-ff9fc4f30000,"",true,REP,10003,2023,Governor,0,,,runoff,false,false,,DEM,Wilson,30938,Shawn Wilson,32.2
81939,1765,Torchlight Strategies,"","",Torchlight Strategies,745,Torchlight Strategies,,Live Phone/Text-to-Web,,Louisiana,11/9/22,11/12/22,29464,John Kennedy,REP,166969,800,lv,,lv,,1/6/23 11:32,"",https://www.politico.com/f/?id=00000184-7693-d7f7-a79c-ff9fc4f30000,"",true,REP,10003,2023,Governor,0,,,runoff,false,false,,REP,Kennedy,29464,John Kennedy,55.6
81015,383,PPP,1802,Carolina Forward,Public Policy Polling,263,Public Policy Polling,A-,IVR/Text,4.0,North Carolina,10/7/22,10/8/22,,"",,165777,606,rv,,rv,,11/28/22 09:16,"",https://carolinaforward.org/blog/2024-election-preview/,"",,DEM,9502,2024,Governor,0,,11/5/24,general,false,false,,DEM,Stein,30167,Joshua Harold Stein,44.0
81015,383,PPP,1802,Carolina Forward,Public Policy Polling,263,Public Policy Polling,A-,IVR/Text,4.0,North Carolina,10/7/22,10/8/22,,"",,165777,606,rv,,rv,,11/28/22 09:16,"",https://carolinaforward.org/blog/2024-election-preview/,"",,DEM,9502,2024,Governor,0,,11/5/24,general,false,false,,REP,Robinson,30168,Mark Keith Robinson,42.0
78978,1231,Meeting Street Insights,1299,Carolina Partnership for Reform,Meeting Street Insights,204,Meeting Street Insights,B/C,,,North Carolina,5/12/22,5/16/22,,"",,155695,500,rv,,rv,,5/20/22 13:07,"",https://cprnc.org/2022/05/20/poll-robinson-leads-stein-in-2024-gov-matchup/,"",,REP,9502,2024,Governor,0,,11/5/24,general,false,false,,DEM,Stein,30167,Joshua Harold Stein,42.0
78978,1231,Meeting Street Insights,1299,Carolina Partnership for Reform,Meeting Street Insights,204,Meeting Street Insights,B/C,,,North Carolina,5/12/22,5/16/22,,"",,155695,500,rv,,rv,,5/20/22 13:07,"",https://cprnc.org/2022/05/20/poll-robinson-leads-stein-in-2024-gov-matchup/,"",,REP,9502,2024,Governor,0,,11/5/24,general,false,false,,REP,Robinson,30168,Mark Keith Robinson,48.0
78670,621,JMC Analytics,"","",JMC Analytics,156,JMC Analytics,B/C,Live Phone,,Louisiana,3/21/22,3/23/22,,"",,154166,600,lv,,lv,,3/28/22 08:25,"",https://winwithjmc.com/archives/9434,"",,,9497,2023,Governor,0,,10/14/23,jungle primary,false,false,,DEM,Broome,29463,Sharon Weston Broome,14.0
78670,621,JMC Analytics,"","",JMC Analytics,156,JMC Analytics,B/C,Live Phone,,Louisiana,3/21/22,3/23/22,,"",,154166,600,lv,,lv,,3/28/22 08:25,"",https://winwithjmc.com/archives/9434,"",,,9497,2023,Governor,0,,10/14/23,jungle primary,false,false,,REP,Kennedy,29464,John Kennedy,22.0
78670,621,JMC Analytics,"","",JMC Analytics,156,JMC Analytics,B/C,Live Phone,,Louisiana,3/21/22,3/23/22,,"",,154166,600,lv,,lv,,3/28/22 08:25,"",https://winwithjmc.com/archives/9434,"",,,9497,2023,Governor,0,,10/14/23,jungle primary,false,false,,REP,Landry,29465,Jeff Landry,11.0
78670,621,JMC Analytics,"","",JMC Analytics,156,JMC Analytics,B/C,Live Phone,,Louisiana,3/21/22,3/23/22,,"",,154166,600,lv,,lv,,3/28/22 08:25,"",https://winwithjmc.com/archives/9434,"",,,9497,2023,Governor,0,,10/14/23,jungle primary,false,false,,REP,Cassidy,29466,Bill Cassidy,10.0
78670,621,JMC Analytics,"","",JMC Analytics,156,JMC Analytics,B/C,Live Phone,,Louisiana,3/21/22,3/23/22,,"",,154166,600,lv,,lv,,3/28/22 08:25,"",https://winwithjmc.com/archives/9434,"",,,9497,2023,Governor,0,,10/14/23,jungle primary,false,false,,REP,Nungesser,29467,William Harold Nungesser,7.0
78670,621,JMC Analytics,"","",JMC Analytics,156,JMC Analytics,B/C,Live Phone,,Louisiana,3/21/22,3/23/22,,"",,154166,600,lv,,lv,,3/28/22 08:25,"",https://winwithjmc.com/archives/9434,"",,,9497,2023,Governor,0,,10/14/23,jungle primary,false,false,,DEM,Smith,29468,Gary L. Smith,4.0
78670,621,JMC Analytics,"","",JMC Analytics,156,JMC Analytics,B/C,Live Phone,,Louisiana,3/21/22,3/23/22,,"",,154166,600,lv,,lv,,3/28/22 08:25,"",https://winwithjmc.com/archives/9434,"",,,9497,2023,Governor,0,,10/14/23,jungle primary,false,false,,REP,Hewitt,29469,Sharon W. Hewitt,2.0
78670,621,JMC Analytics,"","",JMC Analytics,156,JMC Analytics,B/C,Live Phone,,Louisiana,3/21/22,3/23/22,,"",,154166,600,lv,,lv,,3/28/22 08:25,"",https://winwithjmc.com/archives/9434,"",,,9497,2023,Governor,0,,10/14/23,jungle primary,false,false,,REP,Schroder,29470,John M. Schroder,1.0
